,1,2,3,4,5,6,7,8,9,10,11,12,13,14,15,16,17,18,19,20,21,22,23,24,25,26,27,28,29,30,31,32,33,34,35,36,37,38,39,40,41,42,43,44,45,46,47,48,49,50,51,52,53,54,55,56,57,58,59,60,61,62,63,64,65,66,67,68,69,70,71,72,73,74,75,76,77,78,79,80,81,82,83,84,85,86,87,88 :=
1,0,2455.991592,717.4410178,1419.622665,77.62281331,2426.730251,487.92861,1370.606548,2140.086788,1582.47648,2551.385379,169.8799278,646.0803233,2575.905525,834.7469496,478.3641313,739.188159,954.5542284,203.5931921,190.2190161,2406.816542,1897.4113,406.5023563,1157.79533,760.3853376,1624.419309,1511.690683,1400.77897,1326.896363,2442.138913,1095.166088,2451.980186,2118.476022,877.0413794,532.5118367,747.447867,294.2116729,1811.66582,2559.475697,316.9560781,2502.434419,1020.313497,1226.791345,569.2600789,1090.198036,2457.904204,1148.860513,505.6088359,295.9320748,1266.102475,1012.288804,1192.759506,421.3244204,287.8008176,1069.101988,1023.567921,1187.216598,810.4512944,892.6528462,1084.41517,153.4360796,1973.138595,100.122264,564.758348,2152.249669,912.6340437,1155.997428,2467.213823,829.3464005,138.0626605,595.5955134,52.98817314,439.7050404,1762.308931,156.8532719,1602.619522,1396.533123,2401.773536,215.2375934,979.9605304,2437.178072,179.4257565,133.6042808,606.9473252,1927.80245,331.6731446,1361.15696,258.1195527
2,2455.991592,0,1745.770842,1379.742044,2396.802397,115.9163124,1983.362729,1248.812457,365.947824,1210.271021,292.9616293,2322.208109,1813.788602,344.0136858,2152.540363,1981.554521,1744.946754,1611.332062,2302.75114,2599.722485,955.515297,710.9123856,2052.51395,1684.81209,1784.66038,842.3363185,1233.824098,1216.653934,1187.273064,820.7051783,1363.134649,26.57538605,454.5380804,1591.258085,2124.221647,1939.365106,2372.898541,673.4095968,330.737449,2140.342169,351.6081418,1526.099879,1276.022269,1900.498911,2343.9611,200.099615,1315.872933,1954.974393,2200.812666,1202.037966,1533.227507,1608.919468,2238.437661,2287.531059,1629.820289,1441.494513,1273.978752,1674.823521,1853.063824,1481.647094,2581.446243,581.4129861,2516.695389,1912.121719,666.3911215,2000.230005,1301.906614,786.0946017,1628.398656,2457.233441,2135.16059,2415.232462,2057.024068,713.6884735,2303.408775,888.0365817,1271.00097,355.7088773,2569.3149,1486.094271,923.4025889,2329.831373,2381.336723,1882.217355,925.1058399,2658.109009,1195.359024,2517.649096
3,717.4410178,1745.770842,0,937.920876,666.6641344,1723.515518,237.8808421,798.5843185,1444.800646,1047.211908,1833.949978,606.5666991,163.5391042,1858.57864,862.4730184,276.4717267,85.94428002,481.6765715,596.521389,853.9569056,1732.40945,1241.210613,310.9773011,822.8728491,394.4137384,908.6509788,973.5054827,820.619276,688.3669508,1751.806689,406.6774129,1743.177538,1436.727938,259.078756,589.1410778,585.4836641,714.352186,1121.545266,1842.106988,412.4121025,1785.384887,353.606036,591.9900153,250.2346118,1188.577834,1741.057846,432.2024791,211.832182,456.1612964,587.1199624,346.5819257,809.7300532,638.6943717,618.4877672,671.9829744,306.4753109,472.2065224,122.0807473,659.6920203,552.7461054,836.1401377,1256.302028,771.683784,171.0231997,1446.73699,808.6989778,463.1134102,1773.115654,175.1322117,711.6672455,653.3537297,681.9352536,400.3779493,1069.573276,572.5448204,885.2133144,730.8502535,1684.85261,825.296265,327.6616015,1758.133917,620.1860916,664.8696678,292.7639444,1243.573219,920.3433551,660.3780276,780.0800858
4,1419.622665,1379.742044,937.920876,0,1343.378432,1298.865374,1106.654642,224.3209059,1014.040528,188.5539831,1604.137601,1251.469417,866.7524753,1648.64614,821.5009972,994.354401,1005.928762,484.0086259,1219.990997,1605.586956,1889.460677,671.0247389,1114.111227,327.3160297,666.0405637,874.7468057,146.1752914,236.2059512,412.6795523,1832.349998,648.0108332,1363.127093,932.7566451,679.1867237,926.1503916,700.1992424,1214.052979,751.5772476,1630.68253,1138.128091,1603.067119,1056.077276,440.4378923,895.0298712,967.022228,1485.765961,795.0132238,1053.326943,1287.01125,558.5094167,1056.119558,258.948635,1055.899444,1158.694623,353.6004971,821.8250991,766.8161613,977.6239578,567.3559604,385.3686642,1572.091611,1200.256386,1511.47519,1076.756815,1491.540588,665.1805658,640.6756667,1829.476731,764.2729582,1490.006749,899.2554882,1367.486007,983.8338841,736.8725611,1269.759461,946.3395191,1212.000392,1524.996122,1608.148747,634.9693174,1891.319872,1246.895435,1300.385909,836.7504785,1465.914602,1724.0829,1044.57309,1599.049104
5,77.62281331,2396.802397,666.6641344,1343.378432,0,2365.133977,445.364219,1297.788666,2076.862906,1507.356813,2498.583251,92.43195,583.5942175,2524.18929,762.5556365,415.5129032,695.6299427,880.7081231,125.9703817,267.7951446,2373.543445,1828.889898,357.2483763,1080.204366,686.0282201,1569.281125,1436.873485,1328.244484,1258.676839,2404.565029,1034.15677,2392.216131,2052.804924,812.1623431,455.6070951,669.828611,231.0629127,1747.987235,2507.57945,257.150359,2451.504008,982.6863244,1158.879862,502.437874,1025.936811,2403.34679,1095.436621,455.9581799,277.241603,1202.563031,974.7114045,1115.443114,347.0681474,212.4670243,992.3597407,971.0091712,1132.411883,765.9423708,815.0314572,1011.549804,230.9472974,1922.703828,176.5006132,522.597696,2109.134717,836.7322017,1095.255036,2428.488992,768.4902061,196.3403473,519.9996226,24.63929525,366.1438648,1699.234051,94.27542778,1550.874139,1362.305735,2351.115794,289.3101223,916.016589,2402.762801,102.1703086,62.04326113,536.3262328,1891.207763,407.0758128,1318.596019,322.2334808
6,2426.730251,115.9163124,1723.515518,1298.865374,2365.133977,0,1961.371253,1181.166876,297.1179494,1124.34902,408.8751241,2287.888466,1781.58039,459.9031537,2085.710803,1949.692006,1728.534163,1557.977872,2266.978823,2576.28283,1058.762707,627.8552899,2026.457422,1610.430964,1736.727718,833.7111831,1152.6941,1148.426332,1135.024864,926.9479408,1331.564755,89.58419243,366.2871475,1554.855904,2074.237915,1882.574917,2329.944024,622.6316285,446.6479574,2110.013027,465.7134272,1524.615381,1227.569347,1865.277511,2265.545679,312.6985643,1298.376101,1930.157758,2179.657442,1163.845597,1531.433028,1534.943624,2191.462375,2246.851599,1564.114694,1422.802175,1254.747651,1659.627296,1789.960946,1425.85397,2556.290831,620.6773591,2491.235273,1892.094313,747.2551171,1931.824429,1270.768075,893.9677079,1597.399698,2434.775766,2081.067396,2384.353123,2018.623224,668.1152193,2272.512536,890.2762461,1294.389993,461.1782139,2548.782333,1450.091815,1028.504756,2294.377148,2346.699686,1843.021463,989.7139668,2641.203147,1204.84535,2500.594261
7,487.92861,1983.362729,237.8808421,1106.654642,445.364219,1961.371253,0,996.9524637,1681.982561,1237.213533,2066.975373,400.4347207,239.9077799,2090.382699,836.3093059,165.5287796,251.3139091,624.9904816,399.26357,616.4555661,1929.863921,1470.245277,96.18176447,931.4723818,472.0890561,1144.983462,1163.246382,1022.334065,908.298203,1959.272873,639.7283797,1980.916582,1671.840126,455.5814645,511.2168828,599.8901964,541.2977134,1357.700474,2074.12816,210.3779389,2016.285819,537.8702492,809.08916,235.8150794,1159.134695,1975.860106,668.5189026,55.44836865,218.444264,818.8909341,529.930369,936.4502652,511.9331124,448.361135,796.578011,542.601365,709.4677024,322.5245618,714.4565711,727.1719806,599.6643011,1486.895195,535.6791779,77.25668011,1664.964491,826.5940018,697.8929824,1983.124976,385.0870843,473.8909666,588.8603696,457.5462224,289.1805708,1306.085933,353.8084121,1118.045882,918.8834874,1915.46299,587.5240046,544.9956646,1958.447302,418.285996,454.8805021,304.1808053,1446.196168,684.3175447,873.9776027,544.6306029
8,1370.606548,1248.812457,798.5843185,224.3209059,1297.788666,1181.166876,996.9524637,0,885.9473917,252.448735,1448.109967,1209.013861,762.2570285,1489.662935,904.6505075,911.7674663,855.2582678,418.930103,1180.852808,1548.464982,1681.477924,568.3028004,1022.555518,444.6849408,614.0573756,659.7809585,181.4439984,33.28832416,189.5708672,1631.664174,454.3412556,1235.325238,823.660031,544.4268819,926.4943609,715.6498877,1204.705536,587.1075333,1471.569967,1067.816758,1437.605905,861.278215,235.3477534,812.6220899,1107.390619,1331.945268,586.670546,947.5662489,1196.31889,339.6519731,862.2717535,369.1593841,1052.714594,1135.342163,383.2262654,630.9436685,554.3007588,815.7037185,610.7555833,286.241528,1518.698893,1001.934382,1455.199885,954.2449917,1288.815436,751.5013527,435.5514144,1631.617261,624.304389,1421.757789,918.8596475,1320.704475,931.6551834,561.1504832,1215.088735,726.8054997,990.770198,1353.367959,1541.518136,474.4760641,1685.72404,1208.697241,1263.125443,765.3765699,1247.329482,1652.94402,822.5418027,1520.431172
9,2140.086788,365.947824,1444.800646,1014.040528,2076.862906,297.1179494,1681.982561,885.9473917,0,846.7497635,608.3888341,1997.978878,1494.055823,657.1171737,1790.5595,1662.017711,1455.964654,1261.143058,1976.208374,2294.063435,1110.047816,347.7872731,1743.184631,1319.398762,1441.001427,586.3004209,868.255844,853.4349588,838.6990125,1000.636656,1046.263202,350.4799477,115.5187538,1265.015889,1777.812607,1585.457044,2035.543704,329.2162239,640.0069243,1823.130719,628.7324359,1273.199556,932.2638317,1575.47539,1978.037829,489.9632791,1027.840065,1648.249571,1900.39613,874.3010671,1279.481237,1243.58562,1895.74729,1953.49898,1268.378917,1149.705563,982.609006,1388.855911,1493.560508,1128.798521,2272.656107,499.9316507,2207.461033,1614.8966,730.4177116,1637.299609,986.2005177,978.8254416,1311.372957,2153.694915,1784.043165,2096.603711,1726.671983,377.780532,1984.924747,659.6180487,1091.060227,576.0462511,2269.224692,1160.852194,1090.913893,2003.762751,2056.517634,1550.888913,901.9472399,2364.956149,976.9143714,2224.521551
10,1582.47648,1210.271021,1047.211908,188.5539831,1507.356813,1124.34902,1237.213533,252.448735,846.7497635,0,1446.969793,1416.334295,999.1558142,1493.155918,1010.051402,1139.80694,1106.284774,631.0579002,1385.993619,1765.551929,1784.848606,499.4395991,1255.405706,515.8578053,822.6314113,798.5468528,74.02427038,238.0134255,419.2086506,1716.311207,704.6179826,1192.35428,758.3626525,790.3058803,1103.310408,879.4996145,1389.871235,614.2579208,1475.389754,1290.475846,1452.462929,1108.708766,484.7113698,1039.891698,1147.198351,1327.983053,827.6397332,1186.082082,1429.485727,572.5280816,1110.105233,446.9529308,1232.785091,1329.99761,530.0724049,880.9013785,791.4481124,1067.925812,751.1326765,511.6074806,1733.565294,1087.107459,1671.5607,1198.789012,1381.228601,853.7071342,681.0480809,1709.512147,872.2395882,1644.628451,1080.863794,1531.072361,1143.429246,610.2304555,1429.739463,881.2952812,1204.769715,1379.80701,1763.840129,725.7196728,1782.542042,1413.3583,1467.398201,986.6049275,1389.567754,1877.894564,1035.353817,1748.858929
11,2551.385379,292.9616293,1833.949978,1604.137601,2498.583251,408.8751241,2066.975373,1448.109967,608.3888341,1446.969793,0,2431.106508,1924.294685,51.3240507,2338.723074,2088.727127,1819.168078,1773.480632,2415.317655,2679.613691,713.3438973,952.836473,2144.890658,1892.042233,1931.964735,931.717424,1460.718355,1417.788962,1355.842874,570.4847734,1481.508649,319.3401502,714.5334999,1715.458338,2272.068768,2104.8359,2501.810246,861.1216408,38.27719428,2241.787279,89.70849286,1568.944234,1434.145436,2016.736913,2555.022459,119.0597591,1403.161227,2045.780158,2279.450064,1339.866217,1576.649434,1816.112086,2378.110485,2411.899657,1818.895052,1527.970396,1366.653565,1747.516701,2033.708634,1651.369794,2665.686056,583.4764538,2602.293428,1992.110746,526.0606721,2191.262044,1421.003549,530.0335112,1739.387878,2536.12937,2292.393645,2514.930752,2178.616049,889.0007568,2404.318372,948.9974214,1259.204101,171.1963635,2642.397677,1611.569028,674.9284791,2441.357596,2490.387123,2008.000545,815.5719846,2721.457866,1221.976704,2582.727292
12,169.8799278,2322.208109,606.5666991,1251.469417,92.43195,2287.888466,400.4347207,1209.013861,1997.978878,1416.334295,2431.106508,0,508.9185991,2457.926607,682.147687,342.5007978,644.5184585,791.1108377,34.93566066,359.7300818,2328.735187,1744.373234,306.1787372,987.9625077,596.0635613,1500.086218,1346.129041,1239.745517,1174.874455,2354.701386,959.1354809,2316.984833,1971.253095,733.138507,366.4322777,577.9437158,179.6479695,1668.820878,2441.124267,195.0446725,2386.189918,936.5034431,1075.535442,422.6345487,957.4982224,2333.949632,1029.378621,400.9236727,274.2101611,1124.184116,928.6415433,1023.011196,265.2321921,130.9160348,900.1450227,906.5038148,1064.565799,712.8724133,723.0924154,922.8861008,323.3052898,1858.478093,267.3903346,476.1484774,2053.174133,749.2717196,1020.393557,2377.260173,694.6669443,274.8422863,433.8141866,116.9597253,278.0259872,1620.784367,68.93436487,1485.678017,1318.44959,2286.194494,377.4290627,837.7971791,2356.584324,23.4615558,59.32545804,451.2182631,1843.215527,495.9692052,1264.882336,401.1381364
13,646.0803233,1813.788602,163.5391042,866.7524753,583.5942175,1781.58039,239.9077799,762.2570285,1494.055823,999.1558142,1924.294685,508.9185991,0,1952.197423,699.7590545,168.1121991,245.9045487,385.8694695,491.3538149,806.6192777,1868.888808,1258.030555,262.1300499,704.1739801,251.4861627,992.6422094,925.3012981,788.8815398,688.958277,1880.4018,450.7228182,1808.910457,1473.328589,233.0979728,429.821664,426.2774326,586.4744508,1165.586789,1935.219479,329.1568753,1881.528054,509.998153,588.5282387,97.93149282,1026.308233,1825.86644,527.95388,187.1828691,434.7203815,620.0337786,503.4541807,702.9241393,491.4024331,492.6984152,562.72847,410.6199435,559.8210087,283.3053665,512.8689713,488.1217393,782.0887597,1356.012968,716.9235876,218.8524077,1565.513896,652.4302636,511.9065127,1899.303794,185.7551911,671.2913199,491.2898084,602.809666,261.4838978,1116.291543,491.0095423,982.8774801,879.0318353,1782.100182,790.3883843,334.2004803,1892.487942,517.7840708,568.1954786,129.3640863,1378.480796,897.1494988,792.0044979,761.4753492
14,2575.905525,344.0136858,1858.57864,1648.64614,2524.18929,459.9031537,2090.382699,1489.662935,657.1171737,1493.155918,51.3240507,2457.926607,1952.197423,0,2377.298953,2115.803903,1841.624168,1809.34944,2442.73469,2701.47294,679.166542,1000.383946,2169.545491,1933.995002,1965.400219,960.5014421,1505.71559,1459.637871,1393.547652,535.1765334,1511.714095,370.3342528,764.2103824,1745.894809,2305.087355,2140.676167,2531.661789,903.1945595,18.09544532,2267.711353,79.65506409,1587.080754,1470.200045,2045.344347,2596.954197,167.1627746,1428.957033,2070.369637,2301.680582,1373.36215,1594.85345,1858.146119,2409.761466,2441.159075,1858.470324,1553.191953,1393.415708,1769.915465,2071.821273,1688.538928,2688.267509,603.9624572,2625.174753,2015.091187,520.4655121,2230.669875,1451.51356,493.3152789,1767.772628,2558.015187,2326.789168,2540.184559,2207.775464,929.4636818,2429.91474,973.4116056,1269.544988,178.5847509,2663.196011,1642.452979,639.2539199,2468.576842,2517.153044,2038.082077,811.4149225,2740.558595,1239.009897,2602.295627
15,834.7469496,2152.540363,862.4730184,821.5009972,762.5556365,2085.710803,836.3093059,904.6505075,1790.5595,1010.051402,2338.723074,682.147687,699.7590545,2377.298953,0,671.244937,945.6524688,586.2888186,648.061175,1017.146707,2452.428429,1466.721925,770.0576234,494.3053354,500.2192841,1459.974453,959.0119435,937.3024154,984.3522596,2435.085327,949.591326,2139.551049,1726.038794,752.9807168,339.3838772,286.8985964,547.8052483,1484.136131,2359.261736,704.5157094,2319.167959,1190.847697,914.8396338,629.4115496,327.0976186,2225.286953,1100.500491,790.0784338,881.1090317,1029.996738,1185.401769,564.1948927,416.9421727,551.8672981,522.766304,1022.990018,1109.740513,978.1046154,306.5707439,692.4098907,976.5606654,1836.4669,934.2210327,869.8386802,2096.99077,156.5889769,996.6746819,2444.748559,792.9942463,956.2281265,259.910424,785.5049438,553.8553225,1451.219896,737.4200749,1490.165735,1528.222445,2228.59524,1049.981872,825.9614267,2467.738873,664.4926592,701.8674393,572.7696557,1970.552789,1165.386999,1404.903174,1082.778168
16,478.3641313,1981.554521,276.4717267,994.354401,415.5129032,1949.692006,165.5287796,911.7674663,1662.017711,1139.80694,2088.727127,342.5007978,168.1121991,2115.803903,671.244937,0,333.7585536,511.2086453,327.2056877,642.7717645,2008.861932,1422.048303,123.7106086,789.5652752,334.919908,1157.591539,1066.700571,940.0705126,851.8087053,2027.127915,618.6718015,1976.813814,1640.295749,398.9132649,351.3752906,437.4111705,437.8843232,1333.419129,2098.953373,161.8595202,2044.377853,625.7296085,751.386308,99.92106256,995.0178213,1991.455483,687.9889658,119.8296523,292.9871136,787.8426226,618.3279837,802.6112961,372.1569679,342.0400539,665.0343264,566.4563425,722.3919474,393.7522002,558.5094638,629.5393969,616.6852829,1517.308658,551.7300397,204.7487723,1718.557726,662.6080196,679.8017537,2047.802477,353.1608394,511.0201306,427.075765,434.708889,134.5241934,1284.276067,322.9347218,1144.251573,1006.031413,1944.554699,630.7646717,501.5988558,2034.446993,352.7898544,401.8210193,159.9189402,1519.853302,741.1937211,935.6628189,609.4276198
17,739.188159,1744.946754,85.94428002,1005.928762,695.6299427,1728.534163,251.3139091,855.2582678,1455.964654,1106.284774,1819.168078,644.5184585,245.9045487,1841.624168,945.6524688,333.7585536,0,560.539299,638.6535648,860.6269669,1684.804951,1270.553457,339.5056274,904.5665559,480.3058684,903.3484723,1033.127887,875.2593987,731.3639343,1710.508801,437.744536,1743.702572,1454.795274,328.2109618,663.8785575,670.4621762,767.1227639,1137.649766,1825.526507,449.7569096,1767.005055,294.142161,638.7446914,325.4454503,1272.199658,1730.064835,430.1676263,243.8169891,460.3004583,617.041429,286.4962244,888.7621354,704.1246429,671.3552132,752.2271521,306.3320202,474.0873363,71.71870334,745.5708592,622.4941398,846.6509581,1237.759325,783.6209473,174.4839981,1413.803794,894.3370182,488.9424502,1733.628144,242.8424508,717.1680463,730.8811805,708.4999411,464.6793548,1084.660912,602.9751164,871.1156168,676.3758674,1666.068229,825.8174921,380.7822376,1712.229528,660.3547691,701.1023635,373.8246797,1198.698294,913.3183629,622.9926958,772.7820567
18,954.5542284,1611.332062,481.6765715,484.0086259,880.7081231,1557.977872,624.9904816,418.930103,1261.143058,631.0579002,1773.480632,791.1108377,385.8694695,1809.34944,586.2888186,511.2086453,560.539299,0,762.4203862,1135.524621,1868.353738,972.0928431,630.1761972,348.2528885,195.264261,875.5670708,558.9082021,450.4218519,424.0647142,1848.873616,373.8460141,1601.410842,1215.647587,244.274408,517.962792,331.3601311,788.5955837,938.2193759,1791.468634,659.4784152,1747.522794,702.3374465,339.3587471,411.5341564,868.4838907,1663.535435,535.8186752,570.915095,803.3598939,445.1560403,699.3402301,328.2630973,640.1065976,716.8574443,192.7935977,487.9395433,536.4997139,551.9439113,286.080034,135.6594504,1104.343544,1253.317253,1041.70657,601.2487605,1510.778296,462.1455429,414.6619645,1858.4702,323.6625636,1013.570624,523.8348419,903.9547328,514.8597669,898.1876887,800.2889689,903.8769232,982.2509525,1654.19901,1132.803877,268.2092114,1882.683392,790.2064814,844.6179633,355.7612539,1390.203765,1246.904606,841.4783558,1118.735612
19,203.5931921,2302.75114,596.521389,1219.990997,125.9703817,2266.978823,399.26357,1180.852808,1976.208374,1385.993619,2415.317655,34.93566066,491.3538149,2442.73469,648.061175,327.2056877,638.6535648,762.4203862,0,393.7280069,2323.454187,1719.191961,303.5657745,954.2949381,567.1861696,1483.819848,1316.102789,1211.803361,1150.392324,2347.200329,940.2181447,2297.18305,1947.901861,712.2090935,331.5203476,543.8666965,158.7667892,1646.993862,2425.841713,189.7860633,2371.487115,931.9405091,1051.423114,402.2543915,925.9419318,2317.217715,1015.192519,394.9167307,291.6478874,1103.136711,924.1468828,990.0646512,231.3209291,98.1411751,868.1363394,893.3193129,1049.406857,705.8082882,689.0643974,894.946651,356.8410064,1844.513019,301.8019424,473.5022768,2043.045474,714.340757,1001.489435,2369.143266,676.9365291,309.52708,398.9817158,150.6069021,251.9652042,1599.395854,94.9860615,1471.455157,1314.279825,2271.716326,412.2966523,817.1779804,2350.699062,27.95830359,82.32464612,426.8645236,1836.789661,530.795986,1256.369648,435.7025904
20,190.2190161,2599.722485,853.9569056,1605.586956,267.7951446,2576.28283,616.4555661,1548.464982,2294.063435,1765.551929,2679.613691,359.7300818,806.6192777,2701.47294,1017.146707,642.7717645,860.6269669,1135.524621,393.7280069,0,2488.771786,2064.368451,550.9913733,1347.625426,942.9507336,1761.182115,1694.085669,1577.935002,1494.43877,2534.259292,1248.03495,2597.095641,2278.302599,1039.695353,722.2264998,937.5886224,470.1658505,1967.456827,2685.514285,482.2744062,2626.304183,1123.361994,1393.984091,738.9111339,1257.523156,2590.553976,1284.865773,646.1817082,400.4304453,1423.487177,1115.361971,1381.646423,608.184302,476.4148147,1256.505661,1158.966729,1325.914109,932.1968197,1082.773502,1262.937299,41.06442368,2097.512631,94.11740828,689.0374777,2258.671632,1100.81124,1307.875891,2562.000073,984.2725113,143.4843226,783.6621053,243.1582043,622.4104483,1916.83087,336.0136975,1731.721813,1487.057411,2525.262938,67.71033166,1139.890633,2521.752121,369.5967896,321.8853914,783.0923619,2019.88772,152.2581135,1471.044512,154.5766306
21,2406.816542,955.515297,1732.40945,1889.460677,2373.543445,1058.762707,1929.863921,1681.477924,1110.047816,1784.848606,713.3438973,2328.735187,1868.888808,679.166542,2452.428429,2008.861932,1684.804951,1868.353738,2323.454187,2488.771786,0,1373.555634,2022.678274,2100.46154,1971.003043,1024.455609,1768.517656,1660.129609,1524.019434,144.6781912,1504.128856,980.2506141,1223.670637,1718.883409,2283.442407,2177.227825,2446.742901,1183.522587,680.6173471,2134.398657,627.2093588,1392.294102,1563.402706,1966.71395,2731.233411,760.289261,1363.688591,1928.594698,2112.030798,1435.18759,1400.18189,2031.064713,2359.907673,2350.895361,1982.150303,1464.431725,1347.347493,1618.227888,2154.072345,1780.407599,2486.377155,698.9273563,2430.099177,1853.204964,405.4345426,2329.114064,1455.754827,189.1045198,1706.398813,2351.450854,2327.769704,2383.549804,2127.999229,1177.529645,2283.442948,972.5892322,1011.244688,599.821573,2437.024611,1632.069252,47.4644921,2345.031247,2384.429196,1983.394692,490.5274986,2488.062979,1076.969465,2361.460845
22,1897.4113,710.9123856,1241.210613,671.0247389,1828.889898,627.8552899,1470.245277,568.3028004,347.7872731,499.4395991,952.836473,1744.373234,1258.030555,1000.383946,1466.721925,1422.048303,1270.553457,972.0928431,1719.191961,2064.368451,1373.555634,0,1517.681135,984.7648498,1162.240568,554.0891438,524.8499674,535.0167451,570.5413287,1283.387829,835.1067799,693.3087611,262.002872,1024.978326,1488.552155,1282.854894,1759.829196,226.0520936,982.8961317,1583.572718,965.3619049,1149.809899,670.7976097,1328.281857,1637.736974,833.8343738,869.2708364,1429.158427,1684.939904,654.5470365,1154.507834,909.7840172,1612.139332,1684.392449,949.7565978,975.6795221,822.5070818,1210.898609,1178.334348,836.5167544,2038.726052,688.1198899,1973.774248,1411.399939,971.0779949,1311.334933,781.6549455,1269.085034,1086.191858,1929.097593,1485.383382,1850.378337,1467.227034,266.0277656,1740.571991,648.7361345,1076.150098,900.9750407,2047.812779,927.1713355,1362.697543,1747.128917,1801.168967,1293.198635,1061.141804,2151.834919,926.2697027,2013.566078
23,406.5023563,2052.51395,310.9773011,1114.111227,357.2483763,2026.457422,96.18176447,1022.555518,1743.184631,1255.405706,2144.890658,306.1787372,262.1300499,2169.545491,770.0576234,123.7106086,339.5056274,630.1761972,303.5657745,550.9913733,2022.678274,1517.681135,0,913.2468889,458.1283759,1218.401568,1181.901651,1049.797714,950.0101037,2049.955104,697.0528017,2049.146447,1727.746657,493.4714595,436.4514543,553.8378244,445.3672106,1416.467937,2153.081436,114.2459918,2096.2668,630.3928273,849.7133333,219.8150238,1088.277374,2051.560706,742.4801213,99.19226098,174.1085906,872.850854,622.5177159,926.0471596,423.4368776,352.9734289,788.1282352,617.0873639,781.285471,409.1263688,679.6164147,743.9169844,529.8443265,1567.087568,464.7789079,170.1324562,1752.091477,775.2701929,756.987841,2073.132027,433.7006946,412.1813901,515.8976988,371.5244578,216.2185979,1365.86187,263.8512569,1196.190429,1012.270906,1995.685518,530.2564039,590.8690227,2050.739338,323.2839205,361.9024102,283.1927135,1537.729881,635.3005852,961.9405538,499.3523085
24,1157.79533,1684.81209,822.8728491,327.3160297,1080.204366,1610.430964,931.4723818,444.6849408,1319.398762,515.8578053,1892.042233,987.9625077,704.1739801,1933.995002,494.3053354,789.5652752,904.5665559,348.2528885,954.2949381,1347.625426,2100.46154,984.7648498,913.2468889,0,459.4017733,1077.213591,467.1959559,474.3588568,576.9920281,2060.857361,678.4962111,1669.878693,1246.366503,592.4123163,636.6384497,411.7442019,922.8563309,1030.942458,1915.906315,909.2593576,1882.289378,1045.071659,543.2797611,698.400237,662.987764,1775.403701,845.070897,876.0248931,1076.496921,676.2721534,1042.610857,76.05472684,764.3135621,880.493383,156.6346979,821.4720675,833.8332241,899.6787264,267.2720025,351.3800647,1311.132705,1436.752189,1254.654423,922.81959,1717.44734,338.2257256,700.8493153,2063.687144,671.4782003,1246.22234,596.2598421,1104.818503,742.6826606,1005.835206,1017.986138,1129.653255,1293.887182,1797.808275,1359.874666,601.6237296,2108.435674,979.447852,1030.506886,631.4680055,1643.845042,1478.294427,1139.77066,1364.150384
25,760.3853376,1784.66038,394.4137384,666.0405637,686.0282201,1736.727718,472.0890561,614.0573756,1441.001427,822.6314113,1931.964735,596.0635613,251.4861627,1965.400219,500.2192841,334.919908,480.3058684,195.264261,567.1861696,942.9507336,1971.003043,1162.240568,458.1283759,459.4017733,0,1014.121221,751.4346675,645.3498765,602.736657,1964.211496,471.2152545,1776.084912,1401.157674,255.0083453,340.5880011,213.4908081,597.8928052,1114.419075,1947.737165,472.1863287,1900.355819,695.5906172,509.285174,239.9777022,816.5140396,1825.190382,608.714009,416.6449883,626.9762308,592.1182535,690.6346395,468.0191485,454.7564085,523.0141447,330.1180084,523.636305,623.7588875,496.9319687,265.2827675,329.0195185,910.9933179,1391.689429,848.9385672,467.0725342,1633.136743,420.4160289,525.9521024,1977.589556,294.016121,824.249471,364.4242456,709.4374716,320.8733185,1071.338609,607.1093153,1028.243301,1028.288865,1804.486292,942.7897467,339.9243735,1989.299847,594.9582511,649.364925,175.007426,1484.026817,1058.235934,909.2232381,933.2493717
26,1624.419309,842.3363185,908.6509788,874.7468057,1569.281125,833.7111831,1144.983462,659.7809585,586.3004209,798.5468528,931.717424,1500.086218,992.6422094,960.5014421,1459.974453,1157.591539,903.3484723,875.5670708,1483.819848,1761.182115,1024.455609,554.0891438,1218.401568,1077.213591,1014.121221,0,767.3175866,640.6964066,500.2304287,985.0525822,552.0172013,842.1286604,621.7056495,786.240027,1350.810143,1202.222213,1571.242883,335.3842981,943.3386215,1312.163985,891.5284614,691.688731,548.614508,1085.079043,1719.021494,834.1026501,476.5376525,1119.774041,1361.199319,430.4173112,698.3589321,1006.996685,1451.525546,1480.664793,965.5515032,602.4395432,437.2035648,832.8675772,1154.611503,770.779726,1744.509111,378.4025034,1680.221644,1072.30861,642.3317666,1325.167498,492.510453,990.2671442,807.6723583,1618.143952,1378.291121,1586.308261,1247.289809,288.6679777,1475.130805,95.26386591,528.0704097,793.5314631,1728.774909,683.7611795,1031.338964,1509.984197,1559.400617,1077.873228,592.9939028,1816.066028,394.440735,1675.691775
27,1511.690683,1233.824098,973.5054827,146.1752914,1436.873485,1152.6941,1163.246382,181.4439984,868.255844,74.02427038,1460.718355,1346.129041,925.3012981,1505.71559,959.0119435,1066.700571,1033.127887,558.9082021,1316.102789,1694.085669,1768.517656,524.8499674,1181.901651,467.1959559,751.4346675,767.3175866,0,170.892078,356.8674573,1705.536413,635.5057689,1217.087526,786.607878,716.3931887,1037.828418,815.653147,1323.390236,613.3165593,1487.799542,1218.046143,1461.603662,1041.48016,415.9625747,966.8037597,1113.087069,1342.122501,763.3247139,1112.181856,1355.999305,510.5439114,1042.647042,394.9376817,1166.98376,1261.767459,466.3749856,812.0596353,728.6408208,995.5569322,690.9898966,438.0021561,1662.40915,1073.947371,1600.159046,1124.777199,1367.177774,802.4241495,614.5068815,1700.758766,798.4836598,1572.329821,1018.105973,1460.482624,1072.307964,602.7667397,1358.452186,845.974427,1151.372636,1385.324296,1691.652504,652.7811474,1768.212197,1343.567985,1397.716396,914.1150391,1360.238225,1805.401323,982.0178144,1675.920538
28,1400.77897,1216.653934,820.619276,236.2059512,1328.244484,1148.426332,1022.334065,33.28832416,853.4349588,238.0134255,1417.788962,1239.745517,788.8815398,1459.637871,937.3024154,940.0705126,875.2593987,450.4218519,1211.803361,1577.935002,1660.129609,535.0167451,1049.797714,474.3588568,645.3498765,640.6964066,170.892078,0,187.7345667,1608.229978,466.6567081,1203.009599,790.5363127,568.4339585,959.2858207,748.8567361,1236.999203,556.6682567,1441.548821,1096.831445,1408.222791,871.129782,246.7420288,841.1926107,1137.323188,1301.36931,592.4861094,973.5079095,1223.34332,340.8689395,872.4170993,398.5558561,1085.314942,1167.127885,416.2336162,642.8898276,558.2134852,833.7779523,643.9398144,316.8741072,1548.455387,977.5839581,1484.806075,978.1653315,1265.773071,783.8809513,443.8044539,1607.503003,647.0391327,1450.492314,952.0213492,1351.064708,962.1715274,531.9796213,1245.043123,710.4669261,987.5538233,1324.662477,1570.273614,494.8052322,1663.64059,1239.672193,1294.101238,794.9595455,1230.47762,1681.243186,818.6920201,1548.196802
29,1326.896363,1187.273064,688.3669508,412.6795523,1258.676839,1135.024864,908.298203,189.5708672,838.6990125,419.2086506,1355.842874,1174.874455,688.958277,1393.547652,984.3522596,851.8087053,731.3639343,424.0647142,1150.392324,1494.43877,1524.019434,570.5413287,950.0101037,576.9920281,602.736657,500.2304287,356.8674573,187.7345667,0,1484.275152,300.3505921,1177.382342,799.6549114,456.5409111,939.2135563,753.0593081,1199.248413,514.2102502,1375.542936,1013.17757,1334.822189,692.9680562,100.4696768,757.7405584,1224.538602,1243.905159,408.6830165,864.3581823,1119.600294,153.7004758,694.8678995,507.049421,1057.314774,1119.934056,471.8669431,471.6237971,372.3102232,681.6254955,678.3799877,296.1400842,1468.398807,863.8135555,1403.511998,854.7900743,1140.979116,840.6074559,266.2665157,1487.904757,523.3906914,1360.222169,947.8994108,1280.026189,898.5809369,474.435484,1170.066831,556.0841679,801.3041062,1244.51698,1479.341854,363.5557196,1531.523425,1178.280387,1232.103485,723.7131065,1075.079717,1585.213211,632.9776107,1448.127022
30,2442.138913,820.7051783,1751.806689,1832.349998,2404.565029,926.9479408,1959.272873,1631.664174,1000.636656,1716.311207,570.4847734,2354.701386,1880.4018,535.1765334,2435.085327,2027.127915,1710.508801,1848.873616,2347.200329,2534.259292,144.6781912,1283.387829,2049.955104,2060.857361,1964.211496,985.0525822,1705.536413,1608.229978,1484.275152,0,1493.562395,845.9766408,1115.642766,1716.049197,2285.551271,2165.849142,2463.878844,1106.135777,537.1141101,2159.689012,485.5419101,1422.208633,1532.184107,1978.284902,2703.211801,623.08814,1363.149842,1953.789382,2149.671631,1408.21221,1430.212829,1989.427047,2368.757106,2368.488737,1950.285216,1471.222829,1342.125233,1641.839567,2132.715078,1752.799447,2529.462024,632.1335487,2471.317327,1882.102031,343.4448909,2305.852589,1441.670334,45.9734868,1710.967106,2394.685637,2325.351392,2415.962896,2141.421268,1106.092355,2312.873107,945.2792608,1047.64784,465.854192,2485.17068,1624.295951,104.4787242,2369.878539,2411.584497,1989.87685,514.7578441,2542.353473,1091.509393,2412.380887
31,1095.166088,1363.134649,406.6774129,648.0108332,1034.15677,1331.564755,639.7283797,454.3412556,1046.263202,704.6179826,1481.508649,959.1354809,450.7228182,1511.714095,949.591326,618.6718015,437.744536,373.8460141,940.2181447,1248.03495,1504.128856,835.1067799,697.0528017,678.4962111,471.2152545,552.0172013,635.5057689,466.6567081,300.3505921,1493.562395,0,1358.187675,1032.285642,234.248526,801.6901087,673.3415763,1020.311308,719.4997216,1494.405961,778.4922697,1443.447144,408.8229695,219.9150983,538.3026317,1241.685386,1380.024923,166.740692,603.0451892,857.2378738,180.589487,409.298379,629.931947,899.680742,930.9015282,529.2915962,176.607659,162.654233,383.4391454,658.064371,327.3870507,1226.392943,925.8430911,1161.199337,577.4738674,1161.951614,834.5126669,61.27326358,1506.49442,265.8511488,1108.311879,834.567703,1053.041919,698.0033356,668.8148456,941.1750556,558.1916672,616.3476451,1345.543133,1224.846619,132.7881348,1520.908127,967.1119831,1018.310025,526.493941,1020.965238,1324.004041,468.7893393,1184.34234
32,2451.980186,26.57538605,1743.177538,1363.127093,2392.216131,89.58419243,1980.916582,1235.325238,350.4799477,1192.35428,319.3401502,2316.984833,1808.910457,370.3342528,2139.551049,1976.813814,1743.702572,1601.410842,2297.18305,2597.095641,980.2506141,693.3087611,2049.146447,1669.878693,1776.084912,842.1286604,1217.087526,1203.009599,1177.382342,845.9766408,1358.187675,0,435.2326693,1585.31016,2115.260128,1928.736707,2365.657086,663.1920826,357.171264,2136.005415,378.094378,1528.178137,1267.082578,1894.947806,2328.170762,226.2872153,1314.147502,1951.864179,2198.623924,1195.438784,1535.238727,1594.061904,2230.216187,2280.806879,1616.964356,1439.574802,1271.823262,1673.829487,1840.901548,1471.092863,2578.417052,591.6069851,2513.582132,1910.106233,686.2524164,1986.82659,1297.019013,811.6570006,1623.726453,2454.80482,2125.224869,2410.83459,2050.776486,704.752979,2298.981351,890.3919698,1278.571104,380.5895521,2567.356221,1480.187668,948.4826219,2324.344103,2376.052523,1875.72981,941.6289662,2657.006989,1199.716922,2516.484178
33,2118.476022,454.5380804,1436.727938,932.7566451,2052.804924,366.2871475,1671.840126,823.660031,115.5187538,758.3626525,714.5334999,1971.253095,1473.328589,764.2103824,1726.038794,1640.295749,1454.795274,1215.647587,1947.901861,2278.302599,1223.670637,262.002872,1727.746657,1246.366503,1401.157674,621.7056495,786.607878,790.5363127,799.6549114,1115.642766,1032.285642,435.2326693,0,1241.44289,1733.607661,1533.771758,1998.58307,317.6928561,747.494341,1802.090406,739.892854,1292.498813,897.114658,1550.367087,1899.637956,597.3419947,1032.646356,1635.055714,1889.522518,854.8959588,1298.303269,1171.201387,1854.634872,1919.559735,1206.695925,1150.408344,986.2892086,1390.015795,1434.368645,1081.128944,2255.064645,595.7060776,2189.843134,1607.690591,839.8594375,1571.163728,974.0108682,1094.169525,1294.097615,2139.763167,1734.867245,2073.354718,1696.658654,371.402679,1962.245172,704.2499642,1142.443737,690.4045446,2256.854723,1139.149462,1205.250696,1975.687918,2029.131806,1521.110995,996.7878689,2356.15587,1016.145063,2216.292968
34,877.0413794,1591.258085,259.078756,679.1867237,812.1623431,1554.855904,455.5814645,544.4268819,1265.015889,790.3058803,1715.458338,733.138507,233.0979728,1745.894809,752.9807168,398.9132649,328.2109618,244.274408,712.2090935,1039.695353,1718.883409,1024.978326,493.4714595,592.4123163,255.0083453,786.240027,716.3931887,568.4339585,456.5409111,1716.049197,234.248526,1585.31016,1241.44289,0,571.1401825,467.4754,786.6021966,935.9685949,1728.566553,560.7609238,1677.694941,463.8783342,356.2862845,310.5145811,1063.111667,1613.29239,355.2538033,409.1837035,663.563381,391.0528674,460.2176436,567.8857525,665.8141449,698.0799835,436.3676744,270.2448966,373.9762627,310.2758721,487.7143564,294.5723239,1014.891065,1159.149212,949.7712592,409.8353502,1388.997893,658.7928964,294.457345,1730.947008,85.40135002,904.175249,609.553996,832.3010832,466.0671239,887.6662195,720.9492051,789.4669897,775.781764,1579.746862,1023.076178,105.1741873,1738.19072,739.5493499,791.8670019,292.7909538,1230.726248,1128.687477,654.217758,991.8454247
35,532.5118367,2124.221647,589.1410778,926.1503916,455.6070951,2074.237915,511.2168828,926.4943609,1777.812607,1103.310408,2272.068768,366.4322777,429.821664,2305.087355,339.3838772,351.3752906,663.8785575,517.962792,331.5203476,722.2264998,2283.442407,1488.552155,436.4514543,636.6384497,340.5880011,1350.810143,1037.828418,959.2858207,939.2135563,2285.551271,801.6901087,2115.260128,1733.607661,571.1401825,0,227.109991,288.2630169,1452.736228,2287.473125,365.1718724,2239.391287,939.7668081,848.2157022,339.1237774,652.0432673,2165.66205,922.4349741,470.8037414,541.8992512,932.2574643,933.1674737,681.154458,129.7500645,246.831291,573.6433221,819.353243,944.5340285,711.0182281,369.4350856,652.7627069,683.758629,1726.987785,632.0975724,555.9901519,1960.079608,383.7683289,859.3088007,2301.284987,577.1337153,639.2018908,80.08608084,480.0456515,222.2573239,1410.596582,411.8447414,1359.622671,1306.425051,2142.952174,743.7763852,668.9059724,2304.552252,353.4583542,400.5857481,304.301451,1793.364469,862.1715684,1208.808531,764.2088293
36,747.447867,1939.365106,585.4836641,700.1992424,669.828611,1882.574917,599.8901964,715.6498877,1585.457044,879.4996145,2104.8359,577.9437158,426.2774326,2140.676167,286.8985964,437.4111705,670.4621762,331.3601311,543.8666965,937.5886224,2177.227825,1282.854894,553.8378244,411.7442019,213.4908081,1202.222213,815.653147,748.8567361,753.0593081,2165.849142,673.3415763,1928.736707,1533.771758,467.4754,227.109991,0,515.3121903,1265.965558,2122.802001,522.1269692,2078.602894,905.3240375,670.6959242,371.5371844,606.753706,1994.740371,818.4815163,547.8334683,698.5733715,772.9468598,900.0470419,454.1013728,356.5698957,468.7926227,349.5099671,736.9233961,830.5943721,697.2455849,145.2292829,457.7207517,900.5264019,1580.591252,845.2452766,618.1642389,1831.296166,228.5651848,724.1809644,2177.606957,506.1896904,841.8472834,203.6820592,694.467485,353.2180655,1227.45003,612.2493081,1224.252388,1241.769473,1984.910927,952.7866477,545.6647657,2194.248874,568.5085521,619.0455805,306.9346431,1692.189554,1071.511256,1121.092841,963.0611653
37,294.2116729,2372.898541,714.352186,1214.052979,231.0629127,2329.944024,541.2977134,1204.705536,2035.543704,1389.871235,2501.810246,179.6479695,586.4744508,2531.661789,547.8052483,437.8843232,767.1227639,788.5955837,158.7667892,470.1658505,2446.742901,1759.829196,445.3672106,922.8563309,597.8928052,1571.242883,1323.390236,1236.999203,1199.248413,2463.878844,1020.311308,2365.657086,1998.58307,786.6021966,288.2630169,515.3121903,0,1707.378294,2514.428061,332.2856016,2462.556221,1061.075724,1103.530452,489.8013995,796.2520591,2399.877914,1113.946798,527.5166584,450.3938167,1171.290328,1053.50107,969.1710117,158.8423044,95.93780988,861.0296396,996.9027912,1144.143957,830.3860503,656.3099469,924.2037156,429.354191,1939.822562,390.9686385,611.5083573,2151.766114,642.2860069,1080.936298,2483.860827,766.3588765,426.4593665,330.3962488,250.4650188,325.6056128,1662.323505,248.5512614,1567.162386,1442.687212,2363.900447,507.3030115,891.086595,2472.21705,156.258627,169.6000321,493.8589508,1957.611105,620.0619685,1372.782335,550.9896659
38,1811.66582,673.4095968,1121.545266,751.5772476,1747.987235,622.6316285,1357.700474,587.1075333,329.2162239,614.2579208,861.1216408,1668.820878,1165.586789,903.1945595,1484.136131,1333.419129,1137.649766,938.2193759,1646.993862,1967.456827,1183.522587,226.0520936,1416.467937,1030.942458,1114.419075,335.3842981,613.3165593,556.6682567,514.2102502,1106.135777,719.4997216,663.1920826,317.6928561,935.9685949,1452.736228,1265.965558,1707.378294,0,885.1141796,1494.736558,853.5195078,978.3547589,605.142168,1246.372285,1693.930026,744.84406,715.0146648,1322.421546,1575.845131,545.5769832,983.9215059,955.0384763,1569.068427,1624.726603,961.8765953,832.8520325,668.616609,1072.507107,1182.06851,808.2449523,1945.382968,486.0853582,1880.157953,1292.300131,778.0939227,1334.028729,660.1411493,1097.303354,983.7046274,1827.789972,1462.033938,1767.85762,1397.511335,54.12912249,1656.25032,428.2192052,862.8394425,773.525313,1944.079139,831.998119,1177.372657,1674.552291,1727.33085,1221.743071,841.2470085,2041.735113,721.3002401,1901.587839
39,2559.475697,330.737449,1842.106988,1630.68253,2507.57945,446.6479574,2074.12816,1471.569967,640.0069243,1475.389754,38.27719428,2441.124267,1935.219479,18.09544532,2359.261736,2098.953373,1825.526507,1791.468634,2425.841713,2685.514285,680.6173471,982.8961317,2153.081436,1915.906315,1947.737165,943.3386215,1487.799542,1441.548821,1375.542936,537.1141101,1494.405961,357.171264,747.494341,1728.566553,2287.473125,2122.802001,2514.428061,885.1141796,0,2251.043858,68.63826903,1571.789052,1452.299237,2028.268806,2578.864133,150.1972828,1412.273013,2053.913013,2285.642405,1355.677043,1579.548774,1840.059043,2392.301192,2424.002987,1840.395932,1536.607453,1376.580247,1753.824323,2053.803407,1670.568402,2672.177425,588.032709,2609.029489,1998.908366,510.8735109,2212.601702,1434.164476,495.9426887,1750.719144,2542.047742,2309.03928,2523.632279,2190.627854,911.3695032,2413.304091,956.9028056,1255.932101,164.5223255,2647.43411,1625.065752,641.4238584,2451.714108,2500.360393,2020.807664,801.5779901,2725.127935,1223.907583,2586.768766
40,316.9560781,2140.342169,412.4121025,1138.128091,257.150359,2110.013027,210.3779389,1067.816758,1823.130719,1290.475846,2241.787279,195.0446725,329.1568753,2267.711353,704.5157094,161.8595202,449.7569096,659.4784152,189.7860633,482.2744062,2134.398657,1583.572718,114.2459918,909.2593576,472.1863287,1312.163985,1218.046143,1096.831445,1013.17757,2159.689012,778.4922697,2136.005415,1802.090406,560.7609238,365.1718724,522.1269692,332.2856016,1494.736558,2251.043858,0,2195.329956,742.4764341,912.8084803,256.6393491,1013.243273,2146.247572,838.7741893,205.9931158,178.8621804,949.1904577,734.6576113,931.3348771,326.9523032,241.7029094,798.0147488,714.7852564,875.3895577,517.8499478,659.1802953,783.3403212,455.2448636,1666.882174,390.4665869,283.7887531,1858.530319,730.7635108,839.4293866,2182.215524,512.6414038,354.4164306,445.0095723,274.9105024,169.1752741,1445.353036,163.186803,1294.611864,1124.72986,2095.075466,474.0025163,663.1970448,2161.978664,210.6330055,252.6727881,303.9386982,1648.40641,587.4275839,1069.878268,461.0957876
41,2502.434419,351.6081418,1785.384887,1603.067119,2451.504008,465.7134272,2016.285819,1437.605905,628.7324359,1452.462929,89.70849286,2386.189918,1881.528054,79.65506409,2319.167959,2044.377853,1767.005055,1747.522794,2371.487115,2626.304183,627.2093588,965.3619049,2096.2668,1882.289378,1900.355819,891.5284614,1461.603662,1408.222791,1334.822189,485.5419101,1443.447144,378.094378,739.892854,1677.694941,2239.391287,2078.602894,2462.556221,853.5195078,68.63826903,2195.329956,0,1510.264435,1408.939521,1975.255555,2544.797633,153.6738795,1356.851693,1997.074846,2226.80166,1308.865866,1518.064931,1806.671973,2342.510179,2371.524255,1802.338536,1480.571597,1322.109279,1695.286358,2013.120433,1628.675879,2613.525138,529.3925634,2550.625985,1940.743278,442.2391287,2173.99794,1383.6058,446.4980126,1697.614523,2482.885307,2262.738042,2467.238404,2138.126077,876.4635635,2357.244822,900.7192336,1190.383051,101.0878516,2587.448472,1574.778272,589.9896331,2397.159635,2445.358113,1969.377325,732.9448422,2663.958524,1161.850699,2525.934419
42,1020.313497,1526.099879,353.606036,1056.077276,982.6863244,1524.615381,537.8702492,861.278215,1273.199556,1108.708766,1568.944234,936.5034431,509.998153,1587.080754,1190.847697,625.7296085,294.142161,702.3374465,931.9405091,1123.361994,1392.294102,1149.809899,630.3928273,1045.071659,695.5906172,691.688731,1041.48016,871.129782,692.9680562,1422.208633,408.8229695,1528.178137,1292.498813,463.8783342,939.7668081,905.3240375,1061.075724,978.3547589,1571.789052,742.4764341,1510.264435,0,625.9307734,602.5570034,1511.571466,1488.235541,290.5590656,537.1192393,730.0693422,545.1101524,8.037156999,1009.448082,992.1785118,965.2397118,888.717122,234.5521694,334.6405933,232.463651,948.1489478,709.1199739,1114.558665,985.7337637,1054.173456,461.0067063,1135.664658,1114.369962,427.7718428,1446.918782,402.7602712,981.0323193,1000.252104,993.7887796,753.3985775,924.2645218,891.6675654,638.080334,382.3922356,1409.251502,1080.439786,444.9620451,1420.602684,953.0445778,992.1490434,637.6216958,908.5244681,1153.771508,348.9736975,1016.235547
43,1226.791345,1276.022269,591.9900153,440.4378923,1158.879862,1227.569347,809.08916,235.3477534,932.2638317,484.7113698,1434.145436,1075.535442,588.5282387,1470.200045,914.8396338,751.386308,638.7446914,339.3587471,1051.423114,1393.984091,1563.402706,670.7976097,849.7133333,543.2797611,509.285174,548.614508,415.9625747,246.7420288,100.4696768,1532.184107,219.9150983,1267.082578,897.114658,356.2862845,848.2157022,670.6959242,1103.530452,605.142168,1452.299237,912.8084803,1408.939521,625.9307734,0,657.5627719,1171.029289,1324.236051,354.9112133,764.5896227,1019.61862,133.4905191,626.9341537,479.940579,963.9341487,1022.852212,418.8619133,396.2472082,326.6293542,592.4697259,608.4139804,222.8150101,1368.00945,922.4334408,1303.104208,756.8967148,1190.354433,777.0068206,201.4470097,1538.528171,424.6428975,1259.773375,861.0551986,1180.114542,799.8203273,562.3814989,1069.98625,590.8163284,778.9345469,1316.350233,1378.916555,265.2871876,1573.743119,1079.276767,1132.974946,624.5789254,1100.973112,1484.967615,615.003708,1348.054279
44,569.2600789,1900.498911,250.2346118,895.0298712,502.437874,1865.277511,235.8150794,812.6220899,1575.47539,1039.891698,2016.736913,422.6345487,97.93149282,2045.344347,629.4115496,99.92106256,325.4454503,411.5341564,402.2543915,738.9111339,1966.71395,1328.281857,219.8150238,698.400237,239.9777022,1085.079043,966.8037597,841.1926107,757.7405584,1978.284902,538.3026317,1894.947806,1550.367087,310.5145811,339.1237774,371.5371844,489.8013995,1246.372285,2028.268806,256.6393491,1975.255555,602.5570034,657.5627719,0,956.3899964,1917.092138,624.1460227,181.0525347,391.982288,701.5508842,595.7495238,707.7805086,393.983752,396.8321202,569.1500788,508.0994629,654.7492539,372.2739824,479.2836004,529.7934148,711.4610064,1450.868009,646.8843538,246.6277282,1662.837944,600.0588501,599.5483979,1997.092742,277.6412925,609.3255813,405.5167509,523.1197044,164.2633369,1198.179213,412.5103196,1077.915709,974.982055,1876.120978,729.1118619,415.1948736,1990.39028,429.4016115,481.4291756,68.37580244,1476.336028,840.405514,889.8781319,709.2257081
45,1090.198036,2343.9611,1188.577834,967.022228,1025.936811,2265.545679,1159.134695,1107.390619,1978.037829,1147.198351,2555.022459,957.4982224,1026.308233,2596.954197,327.0976186,995.0178213,1272.199658,868.4838907,925.9419318,1257.523156,2731.233411,1637.736974,1088.277374,662.987764,816.5140396,1719.021494,1113.087069,1137.323188,1224.538602,2703.211801,1241.685386,2328.170762,1899.637956,1063.111667,652.0432673,606.753706,796.2520591,1693.930026,2578.864133,1013.243273,2544.797633,1511.571466,1171.029289,956.3899964,0,2438.302279,1400.092459,1114.481885,1184.9389,1296.517488,1506.417646,738.9127805,700.1850477,827.8909829,753.7326561,1332.845009,1404.141244,1302.979391,583.8089232,951.1923042,1216.510449,2088.264423,1185.13897,1195.543991,2361.223196,407.5332162,1282.842272,2709.281181,1110.50409,1222.164714,572.3846619,1046.364932,872.7738268,1668.382108,1020.020448,1760.109531,1837.945654,2459.40112,1300.986055,1125.859091,2743.272964,936.8298314,963.9076933,899.7678619,2257.519707,1409.629449,1706.357823,1347.200749
46,2457.904204,200.099615,1741.057846,1485.765961,2403.34679,312.6985643,1975.860106,1331.945268,489.9632791,1327.983053,119.0597591,2333.949632,1825.86644,167.1627746,2225.286953,1991.455483,1730.064835,1663.535435,2317.217715,2590.553976,760.289261,833.8343738,2051.560706,1775.403701,1825.190382,834.1026501,1342.122501,1301.36931,1243.905159,623.08814,1380.024923,226.2872153,597.3419947,1613.29239,2165.66205,1994.740371,2399.877914,744.84406,150.1972828,2146.247572,153.6738795,1488.235541,1324.236051,1917.092138,2438.302279,0,1309.080586,1952.673467,2190.124233,1233.627322,1495.793764,1699.421049,2273.590205,2310.924091,1704.544374,1434.597769,1271.014119,1658.638615,1920.889575,1539.862531,2575.393199,505.2743519,2511.539029,1901.8307,507.6813623,2076.971578,1319.144483,587.3174782,1640.411877,2447.14767,2184.094272,2420.261042,2077.96564,774.360294,2309.17384,859.0680931,1194.997731,163.6166976,2555.221364,1508.846418,726.5341728,2343.553473,2393.272953,1906.078045,786.9978652,2637.227674,1144.579527,2497.788239
47,1148.860513,1315.872933,432.2024791,795.0132238,1095.436621,1298.376101,668.5189026,586.670546,1027.840065,827.6397332,1403.161227,1029.378621,527.95388,1428.957033,1100.500491,687.9889658,430.1676263,535.8186752,1015.192519,1284.865773,1363.688591,869.2708364,742.4801213,845.070897,608.714009,476.5376525,763.3247139,592.4861094,408.6830165,1363.149842,166.740692,1314.147502,1032.646356,355.2538033,922.4349741,818.4815163,1113.946798,715.0146648,1412.273013,838.7741893,1356.851693,290.5590656,354.9112133,624.1460227,1400.092459,1309.080586,0,643.6242174,885.2060147,257.0986802,293.7273812,795.3840386,1008.090878,1020.596373,695.9746485,125.9189879,46.8893575,361.5442146,816.5132297,493.7818961,1267.976979,829.3206598,1203.686088,596.3648274,1040.767901,992.5680036,154.7257486,1379.372916,349.6450247,1141.971733,964.2522545,1111.802477,788.3798608,661.2466509,1001.167116,456.322852,449.689359,1256.815888,1253.45737,274.9030063,1383.329878,1040.61309,1088.522295,628.6630742,875.5485127,1343.250099,306.306849,1202.662579
48,505.6088359,1954.974393,211.832182,1053.326943,455.9581799,1930.157758,55.44836865,947.5662489,1648.249571,1186.082082,2045.780158,400.9236727,187.1828691,2070.369637,790.0784338,119.8296523,243.8169891,570.915095,394.9167307,646.1817082,1928.594698,1429.158427,99.19226098,876.0248931,416.6449883,1119.774041,1112.181856,973.5079095,864.3581823,1953.789382,603.0451892,1951.864179,1635.055714,409.1837035,470.8037414,547.8334683,527.5166584,1322.421546,2053.913013,205.9931158,1997.074846,537.1192393,764.5896227,181.0525347,1114.481885,1952.673467,643.6242174,0,255.7814798,780.5840808,529.3522518,881.1743887,482.8190148,432.5216177,741.3585411,518.1051374,682.7974225,312.0106047,660.1848308,675.2715359,626.5584234,1467.897306,561.7305925,87.7068202,1654.050238,775.3038518,662.3391714,1976.484158,342.9945322,505.4646136,546.87092,470.5927236,251.1265628,1271.379293,362.1962596,1097.030562,919.5054246,1896.493645,621.8278006,502.2198705,1956.040295,416.5474075,457.9634451,249.4156564,1442.415246,722.8463183,864.5040771,584.438038
49,295.9320748,2200.812666,456.1612964,1287.01125,277.241603,2179.657442,218.444264,1196.31889,1900.39613,1429.485727,2279.450064,274.2101611,434.7203815,2301.680582,881.1090317,292.9871136,460.3004583,803.3598939,291.6478874,400.4304453,2112.030798,1684.939904,174.1085906,1076.496921,626.9762308,1361.199319,1355.999305,1223.34332,1119.600294,2149.671631,857.2378738,2198.623924,1889.522518,663.563381,541.8992512,698.5733715,450.3938167,1575.845131,2285.642405,178.8621804,2226.80166,730.0693422,1019.61862,391.982288,1184.9389,2190.124233,885.2060147,255.7814798,0,1035.676502,722.0327665,1093.396923,488.4592785,377.382116,956.8793801,759.4071204,926.8503565,531.9337036,832.8189355,918.0213089,386.831925,1697.739285,324.8033762,288.8953841,1865.193241,909.5188963,915.8291643,2175.585482,598.7670537,257.0745835,621.210713,280.6096273,345.6059373,1524.349792,207.4311321,1331.326591,1102.768895,2125.806131,369.1349817,757.9488644,2142.874016,297.324103,311.0813226,452.3617657,1634.994106,467.1997433,1075.117038,328.6899579
50,1266.102475,1202.037966,587.1199624,558.5094167,1202.563031,1163.845597,818.8909341,339.6519731,874.3010671,572.5280816,1339.866217,1124.184116,620.0337786,1373.36215,1029.996738,787.8426226,617.041429,445.1560403,1103.136711,1423.487177,1435.18759,654.5470365,872.850854,676.2721534,592.1182535,430.4173112,510.5439114,340.8689395,153.7004758,1408.21221,180.589487,1195.438784,854.8959588,391.0528674,932.2574643,772.9468598,1171.290328,545.5769832,1355.677043,949.1904577,1308.865866,545.1101524,133.4905191,701.5508842,1296.517488,1233.627322,257.0986802,780.5840808,1035.676502,0,547.5514121,613.4213341,1040.543624,1085.493453,547.9077142,333.8568654,219.0122953,559.9844191,725.3961812,345.3382143,1400.645244,808.2681993,1335.41158,757.7571496,1068.01976,897.6872617,129.2417502,1416.180365,439.2228322,1284.898332,953.8763782,1222.329669,855.4461411,496.719845,1110.691021,463.6584377,653.7228023,1213.749244,1402.193382,286.5717517,1446.760625,1130.532311,1182.918195,680.2911264,969.0360499,1502.786038,487.2494949,1363.449537
51,1012.288804,1533.227507,346.5819257,1056.119558,974.7114045,1531.433028,529.930369,862.2717535,1279.481237,1110.105233,1576.649434,928.6415433,503.4541807,1594.85345,1185.401769,618.3279837,286.4962244,699.3402301,924.1468828,1115.361971,1400.18189,1154.507834,622.5177159,1042.610857,690.6346395,698.3589321,1042.647042,872.4170993,694.8678995,1430.212829,409.298379,1535.238727,1298.303269,460.2176436,933.1674737,900.0470419,1053.50107,983.9215059,1579.548774,734.6576113,1518.064931,8.037156999,626.9341537,595.7495238,1506.417646,1495.793764,293.7273812,529.3522518,722.0327665,547.5514121,0,1007.500184,985.0595588,957.6773915,886.1862782,234.3426192,338.1697399,225.2509545,943.8474062,707.6131112,1106.535831,993.4064348,1046.141675,453.0877975,1143.687038,1109.676122,429.3550804,1454.93997,398.1507304,973.0199988,993.9135169,985.7933484,746.2050196,929.8196867,883.7220901,645.2349371,390.1535777,1417.046794,1072.486403,443.0270834,1428.530009,945.2137007,984.2527939,631.2522318,916.5038628,1145.945193,356.863566,1008.362172
52,1192.759506,1608.919468,809.7300532,258.948635,1115.443114,1534.943624,936.4502652,369.1593841,1243.58562,446.9529308,1816.112086,1023.011196,702.9241393,1858.146119,564.1948927,802.6112961,888.7621354,328.2630973,990.0646512,1381.646423,2031.064713,909.7840172,926.0471596,76.05472684,468.0191485,1006.996685,394.9376817,398.5558561,507.049421,1989.427047,629.931947,1594.061904,1171.201387,567.8857525,681.154458,454.1013728,969.1710117,955.0384763,1840.059043,931.3348771,1806.671973,1009.448082,479.940579,707.7805086,738.9127805,1699.421049,795.3840386,881.1743887,1093.396923,613.4213341,1007.500184,0,810.3354379,921.0366099,140.1980919,781.2600504,781.0095858,877.9390324,314.3791331,303.789197,1346.167647,1363.913084,1288.032659,921.4849793,1645.982184,407.6162723,647.3414553,1991.658569,650.1949656,1274.930662,647.3596733,1139.942134,767.9707141,930.2613886,1048.74723,1061.810769,1241.922988,1722.490551,1390.465986,564.4903273,2038.32071,1015.99581,1068.181503,642.8546552,1578.069636,1508.297262,1084.719198,1390.161089
53,421.3244204,2238.437661,638.6943717,1055.899444,347.0681474,2191.462375,511.9331124,1052.714594,1895.74729,1232.785091,2378.110485,265.2321921,491.4024331,2409.761466,416.9421727,372.1569679,704.1246429,640.1065976,231.3209291,608.184302,2359.907673,1612.139332,423.4368776,764.3135621,454.7564085,1451.525546,1166.98376,1085.314942,1057.314774,2368.757106,899.680742,2230.216187,1854.634872,665.8141449,129.7500645,356.5698957,158.8423044,1569.068427,2392.301192,326.9523032,2342.510179,992.1785118,963.9341487,393.983752,700.1850477,2273.590205,1008.090878,482.8190148,488.4592785,1040.543624,985.0595588,810.3354379,0,135.0915762,703.2974402,897.5964209,1034.169987,759.8656646,497.5650395,775.6253346,568.5269911,1824.920543,521.4130308,570.5213336,2048.833831,492.9727951,959.0400843,2386.411533,658.5844405,539.4103287,176.3244809,370.6058856,239.452472,1525.589468,322.5137797,1454.43996,1368.126418,2245.005145,636.0348381,767.7982426,2383.004853,247.6926146,287.7217856,379.4342066,1869.407149,752.997354,1282.939861,665.9283514
54,287.8008176,2287.531059,618.4877672,1158.694623,212.4670243,2246.851599,448.361135,1135.342163,1953.49898,1329.99761,2411.899657,130.9160348,492.6984152,2441.159075,551.8672981,342.0400539,671.3552132,716.8574443,98.1411751,476.4148147,2350.895361,1684.392449,352.9734289,880.493383,523.0141447,1480.664793,1261.767459,1167.127885,1119.934056,2368.488737,930.9015282,2280.806879,1919.559735,698.0799835,246.831291,468.7926227,95.93780988,1624.726603,2424.002987,241.7029094,2371.524255,965.2397118,1022.852212,396.8321202,827.8909829,2310.924091,1020.596373,432.5216177,377.382116,1085.493453,957.6773915,921.0366099,135.0915762,0,805.1826986,902.6425389,1051.581372,734.4576192,613.4427925,851.7614871,437.475258,1847.670673,387.889214,517.2380454,2057.285565,624.8420769,991.8028692,2388.672387,674.210896,404.3733888,307.802516,236.316438,233.4016515,1578.790873,192.2954125,1474.746289,1346.77872,2272.582082,501.7432125,803.0190369,2376.458,112.6316686,154.5716947,405.6118894,1861.856642,619.2185952,1277.243814,530.9145555
55,1069.101988,1629.820289,671.9829744,353.6004971,992.3597407,1564.114694,796.578011,383.2262654,1268.378917,530.0724049,1818.895052,900.1450227,562.72847,1858.470324,522.766304,665.0343264,752.2271521,192.7935977,868.1363394,1256.505661,1982.150303,949.7565978,788.1282352,156.6346979,330.1180084,965.5515032,466.3749856,416.2336162,471.8669431,1950.285216,529.2915962,1616.964356,1206.695925,436.3676744,573.6433221,349.5099671,861.0296396,961.8765953,1840.395932,798.0147488,1802.338536,888.717122,418.8619133,569.1500788,753.7326561,1704.544374,695.9746485,741.3585411,956.8793801,547.9077142,886.1862782,140.1980919,703.2974402,805.1826986,0,666.5251656,687.9175176,744.7360817,229.0332796,206.9362876,1222.11222,1334.897559,1162.521141,781.3178994,1607.872028,372.4272066,556.6502065,1955.788791,516.4559503,1145.390406,551.7378645,1016.642107,637.6700018,930.1866661,921.6146474,1009.609355,1145.637735,1713.844187,1262.213729,446.0823552,1992.602075,894.7776118,947.9586008,505.1164823,1516.240101,1379.336744,995.1829404,1258.387518
56,1023.567921,1441.494513,306.4753109,821.8250991,971.0091712,1422.802175,542.601365,630.9436685,1149.705563,880.9013785,1527.970396,906.5038148,410.6199435,1553.191953,1022.990018,566.4563425,306.3320202,487.9395433,893.3193129,1158.966729,1464.431725,975.6795221,617.0873639,821.4720675,523.636305,602.4395432,812.0596353,642.8898276,471.6237971,1471.222829,176.607659,1439.574802,1150.408344,270.2448966,819.353243,736.9233961,996.9027912,832.8520325,1536.607453,714.7852564,1480.571597,234.5521694,396.2472082,508.0994629,1332.845009,1434.597769,125.9189879,518.1051374,759.4071204,333.8568654,234.3426192,781.2600504,897.5964209,902.6425389,666.5251656,0,168.0578842,239.6882997,754.2381486,478.5214484,1142.069598,952.1572101,1077.801022,470.6312494,1154.910539,927.407929,206.6711629,1489.371451,242.2834265,1016.107401,866.8924799,987.0462507,672.0933642,779.5470147,876.7372659,579.8782259,505.5406195,1380.290635,1127.833168,220.8875464,1486.33951,918.3502701,965.4968771,519.3157052,974.1307092,1218.428292,389.9694214,1077.820123
57,1187.216598,1273.978752,472.2065224,766.8161613,1132.411883,1254.747651,709.4677024,554.3007588,982.609006,791.4481124,1366.653565,1064.565799,559.8210087,1393.415708,1109.740513,722.3919474,474.0873363,536.4997139,1049.406857,1325.914109,1347.347493,822.5070818,781.285471,833.8332241,623.7588875,437.2035648,728.6408208,558.2134852,372.3102232,1342.125233,162.654233,1271.823262,986.2892086,373.9762627,944.5340285,830.5943721,1144.143957,668.616609,1376.580247,875.3895577,1322.109279,334.6405933,326.6293542,654.7492539,1404.141244,1271.014119,46.8893575,682.7974225,926.8503565,219.0122953,338.1697399,781.0095858,1034.169987,1051.581372,687.9175176,168.0578842,0,406.2753145,820.4080104,482.8702498,1308.344463,796.2300718,1243.850662,638.287736,1015.780567,996.8378654,133.73621,1357.000036,377.8805607,1183.285029,983.2622331,1149.246923,818.6215062,614.9177133,1038.206535,423.1758311,460.9225226,1222.469158,1295.536746,284.9456721,1365.568,1075.174492,1123.819463,655.2900317,861.627675,1386.485509,307.4306512,1245.877139
58,810.4512944,1674.823521,122.0807473,977.6239578,765.9423708,1659.627296,322.5245618,815.7037185,1388.855911,1067.925812,1747.516701,712.8724133,283.3053665,1769.915465,978.1046154,393.7522002,71.71870334,551.9439113,705.8082882,932.1968197,1618.227888,1210.898609,409.1263688,899.6787264,496.9319687,832.8675772,995.5569322,833.7779523,681.6254955,1641.839567,383.4391454,1673.829487,1390.015795,310.2758721,711.0182281,697.2455849,830.3860503,1072.507107,1753.824323,517.8499478,1695.286358,232.463651,592.4697259,372.2739824,1302.979391,1658.638615,361.5442146,312.0106047,531.9337036,559.9844191,225.2509545,877.9390324,759.8656646,734.4576192,744.7360817,239.6882997,406.2753145,0,760.0598436,598.9551121,918.3544553,1166.043717,855.3396369,245.9673916,1343.206378,916.3156005,430.9069826,1664.475189,228.2839765,788.7246712,774.4128816,779.1870014,520.9540658,1019.23068,672.9258761,799.6265933,612.4115637,1594.349845,896.9218505,344.1643186,1645.029031,728.1269205,769.9614883,412.5673158,1130.987655,983.2869277,552.814185,842.8539981
59,892.6528462,1853.063824,659.6920203,567.3559604,815.0314572,1789.960946,714.4565711,610.7555833,1493.560508,751.1326765,2033.708634,723.0924154,512.8689713,2071.821273,306.5707439,558.5094638,745.5708592,286.080034,689.0643974,1082.773502,2154.072345,1178.334348,679.6164147,267.2720025,265.2827675,1154.611503,690.9898966,643.9398144,678.3799877,2132.715078,658.064371,1840.901548,1434.368645,487.7143564,369.4350856,145.2292829,656.3099469,1182.06851,2053.803407,659.1802953,2013.120433,948.1489478,608.4139804,479.2836004,583.8089232,1920.889575,816.5132297,660.1848308,832.8189355,725.3961812,943.8474062,314.3791331,497.5650395,613.4427925,229.0332796,754.2381486,820.4080104,760.0598436,0,385.859382,1045.752508,1530.454894,990.3365082,721.6484413,1793.315876,176.4486716,700.6373753,2141.388845,546.2806565,985.7196168,333.0404157,839.669621,490.1522474,1147.589626,756.3569522,1187.437292,1257.316593,1922.22669,1097.421263,542.8741903,2167.985097,713.7378268,764.2044092,411.1059917,1676.252405,1216.104416,1122.819332,1106.041298
60,1084.41517,1481.647094,552.7461054,385.3686642,1011.549804,1425.85397,727.1719806,286.241528,1128.798521,511.6074806,1651.369794,922.8861008,488.1217393,1688.538928,692.4098907,629.5393969,622.4941398,135.6594504,894.946651,1262.937299,1780.407599,836.5167544,743.9169844,351.3800647,329.0195185,770.779726,438.0021561,316.8741072,296.1400842,1752.799447,327.3870507,1471.092863,1081.128944,294.5723239,652.7627069,457.7207517,924.2037156,808.2449523,1670.568402,783.3403212,1628.675879,709.1199739,222.8150101,529.7934148,951.1923042,1539.862531,493.7818961,675.2715359,918.0213089,345.3382143,707.6131112,303.789197,775.6253346,851.7614871,206.9362876,478.5214484,482.8702498,598.9551121,385.859382,0,1232.81374,1145.243456,1169.501279,693.1053284,1411.700473,554.4113781,350.5599177,1759.944005,379.9280578,1137.68295,655.2682221,1034.464823,645.4219789,770.0619778,929.0474803,808.9238994,942.5293261,1537.065692,1257.334272,266.1296215,1792.096936,922.8231393,977.2511509,480.0023137,1311.074326,1369.828579,789.5726099,1238.966904
61,153.4360796,2581.446243,836.1401377,1572.091611,230.9472974,2556.290831,599.6643011,1518.698893,2272.656107,1733.565294,2665.686056,323.3052898,782.0887597,2688.267509,976.5606654,616.6852829,846.6509581,1104.343544,356.8410064,41.06442368,2486.377155,2038.726052,529.8443265,1311.132705,910.9933179,1744.509111,1662.40915,1548.455387,1468.398807,2529.462024,1226.392943,2578.417052,2255.064645,1014.891065,683.758629,900.5264019,429.354191,1945.382968,2672.177425,455.2448636,2613.525138,1114.558665,1368.00945,711.4610064,1216.510449,2575.393199,1267.976979,626.5584234,386.831925,1400.645244,1106.535831,1346.167647,568.5269911,437.475258,1222.11222,1142.069598,1308.344463,918.3544553,1045.752508,1232.81374,0,2084.370695,65.23389871,673.6800166,2250.22279,1061.363352,1286.580436,2556.569464,961.7026315,134.9356489,744.2682882,206.3572457,590.1401676,1895.1246,304.054576,1717.099429,1481.841992,2512.547422,97.6588617,1116.032612,2518.754787,332.0606826,283.1767646,753.5297517,2014.803907,193.1717266,1461.113108,178.6342121
62,1973.138595,581.4129861,1256.302028,1200.256386,1922.703828,620.6773591,1486.895195,1001.934382,499.9316507,1087.107459,583.4764538,1858.478093,1356.012968,603.9624572,1836.4669,1517.308658,1237.759325,1253.317253,1844.513019,2097.512631,698.9273563,688.1198899,1567.087568,1436.752189,1391.689429,378.4025034,1073.947371,977.5839581,863.8135555,632.1335487,925.8430911,591.6069851,595.7060776,1159.149212,1726.987785,1580.591252,1939.822562,486.0853582,588.032709,1666.882174,529.3925634,985.7337637,922.4334408,1450.868009,2088.264423,505.2743519,829.3206598,1467.897306,1697.739285,808.2681993,993.4064348,1363.913084,1824.920543,1847.670673,1334.897559,952.1572101,796.2300718,1166.043717,1530.454894,1145.243456,2084.370695,0,2021.363067,1411.392881,294.1776025,1699.24595,867.6826689,629.9590824,1173.540792,1954.053338,1756.043476,1938.230276,1614.518936,478.6162584,1828.473967,373.1724444,694.1920743,428.6378539,2059.467334,1058.441545,695.4418651,1869.907228,1917.545826,1448.465638,402.0974121,2137.984922,639.9688245,1999.307373
63,100.122264,2516.695389,771.683784,1511.47519,176.5006132,2491.235273,535.6791779,1455.199885,2207.461033,1671.5607,2602.293428,267.3903346,716.9235876,2625.174753,934.2210327,551.7300397,783.6209473,1041.70657,301.8019424,94.11740828,2430.099177,1973.774248,464.7789079,1254.654423,848.9385672,1680.221644,1600.159046,1484.806075,1403.511998,2471.317327,1161.199337,2513.582132,2189.843134,949.7712592,632.0975724,845.2452766,390.9686385,1880.157953,2609.029489,390.4665869,2550.625985,1054.173456,1303.104208,646.8843538,1185.13897,2511.539029,1203.686088,561.7305925,324.8033762,1335.41158,1046.141675,1288.032659,521.4130308,387.889214,1162.521141,1077.801022,1243.850662,855.3396369,990.3365082,1169.501279,65.23389871,2021.363067,0,610.1853611,2189.670914,1012.695446,1221.411511,2497.962336,896.4730305,84.40000857,695.691217,152.0620193,528.3296624,1829.915511,241.9202075,1653.524678,1423.710602,2449.685678,116.3402012,1050.829485,2461.985671,278.6699447,233.7090426,689.8547055,1956.567919,231.6043801,1399.873793,172.8801027
64,564.758348,1912.121719,171.0231997,1076.756815,522.597696,1892.094313,77.25668011,954.2449917,1614.8966,1198.789012,1992.110746,476.1484774,218.8524077,2015.091187,869.8386802,204.7487723,174.4839981,601.2487605,473.5022768,689.0374777,1853.204964,1411.399939,170.1324562,922.81959,467.0725342,1072.30861,1124.777199,978.1653315,854.7900743,1882.102031,577.4738674,1910.106233,1607.690591,409.8353502,555.9901519,618.1642389,611.5083573,1292.300131,1998.908366,283.7887531,1940.743278,461.0067063,756.8967148,246.6277282,1195.543991,1901.8307,596.3648274,87.7068202,288.8953841,757.7571496,453.0877975,921.4849793,570.5213336,517.2380454,781.3178994,470.6312494,638.287736,245.9673916,721.6484413,693.1053284,673.6800166,1411.392881,610.1853611,0,1587.831094,846.6729231,634.1341813,1905.894333,332.8502475,545.8630873,630.9386463,534.7883014,337.9693795,1240.191186,430.8451623,1043.421226,842.4486917,1839.860858,657.2500874,491.6140817,1881.60612,493.415723,531.2588017,312.6145757,1369.148891,750.0648382,796.8038458,609.6331069
65,2152.249669,666.3911215,1446.73699,1491.540588,2109.134717,747.2551171,1664.964491,1288.815436,730.4177116,1381.228601,526.0606721,2053.174133,1565.513896,520.4655121,2096.99077,1718.557726,1413.803794,1510.778296,2043.045474,2258.671632,405.4345426,971.0779949,1752.091477,1717.44734,1633.136743,642.3317666,1367.177774,1265.773071,1140.979116,343.4448909,1161.951614,686.2524164,839.8594375,1388.997893,1960.079608,1831.296166,2151.766114,778.0939227,510.8735109,1858.530319,442.2391287,1135.664658,1190.354433,1662.837944,2361.223196,507.6813623,1040.767901,1654.050238,1865.193241,1068.01976,1143.687038,1645.982184,2048.833831,2057.285565,1607.872028,1154.910539,1015.780567,1343.206378,1793.315876,1411.700473,2250.22279,294.1776025,2189.670914,1587.831094,0,1965.536457,1107.984807,348.2446183,1390.390355,2116.61477,1996.274817,2122.296834,1826.956072,772.6312787,2015.93992,607.2967624,782.8390104,357.8821911,2214.140159,1293.960053,401.3308374,2066.912598,2111.201628,1669.421314,291.0298388,2281.139655,791.0943334,2146.468594
66,912.6340437,2000.230005,808.6989778,665.1805658,836.7322017,1931.824429,826.5940018,751.5013527,1637.299609,853.7071342,2191.262044,749.2717196,652.4302636,2230.669875,156.5889769,662.6080196,894.3370182,462.1455429,714.340757,1100.81124,2329.114064,1311.334933,775.2701929,338.2257256,420.4160289,1325.167498,802.4241495,783.8809513,840.6074559,2305.852589,834.5126669,1986.82659,1571.163728,658.7928964,383.7683289,228.5651848,642.2860069,1334.028729,2212.601702,730.7635108,2173.99794,1114.369962,777.0068206,600.0588501,407.5332162,2076.971578,992.5680036,775.3038518,909.5188963,897.6872617,1109.676122,407.6162723,492.9727951,624.8420769,372.4272066,927.407929,996.8378654,916.3156005,176.4486716,554.4113781,1061.363352,1699.24595,1012.695446,846.6729231,1965.536457,0,876.80645,2313.756315,711.6274752,1022.864518,317.1568293,860.8735879,565.8646403,1302.613464,795.4951353,1360.807955,1431.718947,2084.759051,1125.867068,718.4664915,2342.511871,735.0449794,779.3241069,535.3860502,1852.305353,1243.805465,1298.8455,1147.976988
67,1155.997428,1301.906614,463.1134102,640.6756667,1095.255036,1270.768075,697.8929824,435.5514144,986.2005177,681.0480809,1421.003549,1020.393557,511.9065127,1451.51356,996.6746819,679.8017537,488.9424502,414.6619645,1001.489435,1307.875891,1455.754827,781.6549455,756.987841,700.8493153,525.9521024,492.510453,614.5068815,443.8044539,266.2665157,1441.670334,61.27326358,1297.019013,974.0108682,294.457345,859.3088007,724.1809644,1080.936298,660.1411493,1434.164476,839.4293866,1383.6058,427.7718428,201.4470097,599.5483979,1282.842272,1319.144483,154.7257486,662.3391714,915.8291643,129.2417502,429.3550804,647.3414553,959.0400843,991.8028692,556.6502065,206.6711629,133.73621,430.9069826,700.6373753,350.5599177,1286.580436,867.6826689,1221.411511,634.1341813,1107.984807,876.80645,0,1453.625459,326.8233938,1167.778359,890.1427612,1114.064095,759.02452,609.0547836,1002.195678,502.2975,594.6354527,1285.965762,1283.93801,191.2514899,1471.402461,1028.385246,1079.573249,587.07764,975.6462042,1382.18042,439.0659558,1242.282099
68,2467.213823,786.0946017,1773.115654,1829.476731,2428.488992,893.9677079,1983.124976,1631.617261,978.8254416,1709.512147,530.0335112,2377.260173,1899.303794,493.3152789,2444.748559,2047.802477,1733.628144,1858.4702,2369.143266,2562.000073,189.1045198,1269.085034,2073.132027,2063.687144,1977.589556,990.2671442,1700.758766,1607.503003,1487.904757,45.9734868,1506.49442,811.6570006,1094.169525,1730.947008,2301.284987,2177.606957,2483.860827,1097.303354,495.9426887,2182.215524,446.4980126,1446.918782,1538.528171,1997.092742,2709.281181,587.3174782,1379.372916,1976.484158,2175.585482,1416.180365,1454.93997,1991.658569,2386.411533,2388.672387,1955.788791,1489.371451,1357.000036,1664.475189,2141.388845,1759.944005,2556.569464,629.9590824,2497.962336,1905.894333,348.2446183,2313.756315,1453.625459,0,1728.069388,2421.915265,2339.694618,2440.261185,2160.599625,1099.514166,2336.424558,954.6344379,1074.944185,433.0152333,2513.637428,1637.845617,146.4290701,2392.113321,2434.433495,2007.190395,542.2722242,2572.377894,1112.804302,2441.610783
69,829.3464005,1628.398656,175.1322117,764.2729582,768.4902061,1597.399698,385.0870843,624.304389,1311.372957,872.2395882,1739.387878,694.6669443,185.7551911,1767.772628,792.9942463,353.1608394,242.8424508,323.6625636,676.9365291,984.2725113,1706.398813,1086.191858,433.7006946,671.4782003,294.016121,807.6723583,798.4836598,647.0391327,523.3906914,1710.967106,265.8511488,1623.726453,1294.097615,85.40135002,577.1337153,506.1896904,766.3588765,983.7046274,1750.719144,512.6414038,1697.614523,402.7602712,424.6428975,277.6412925,1110.50409,1640.411877,349.6450247,342.9945322,598.7670537,439.2228322,398.1507304,650.1949656,658.5844405,674.210896,516.4559503,242.2834265,377.8805607,228.2839765,546.2806565,379.9280578,961.7026315,1173.540792,896.4730305,332.8502475,1390.390355,711.6274752,326.8233938,1728.069388,0,845.8485808,625.1669827,787.2411017,440.9794963,933.6637122,675.3727177,800.8036097,739.2620567,1598.493961,963.5105561,159.9184354,1727.879481,703.4672839,753.9485142,279.1756798,1216.239766,1065.814143,632.1153265,927.3742226
70,138.0626605,2457.233441,711.6672455,1490.006749,196.3403473,2434.775766,473.8909666,1421.757789,2153.694915,1644.628451,2536.12937,274.8422863,671.2913199,2558.015187,956.2281265,511.0201306,717.1680463,1013.570624,309.52708,143.4843226,2351.450854,1929.097593,412.1813901,1246.22234,824.249471,1618.143952,1572.329821,1450.492314,1360.222169,2394.685637,1108.311879,2454.80482,2139.763167,904.175249,639.2018908,841.8472834,426.4593665,1827.789972,2542.047742,354.4164306,2482.885307,981.0323193,1259.773375,609.3255813,1222.164714,2447.14767,1141.971733,505.4646136,257.0745835,1284.898332,973.0199988,1274.930662,539.4103287,404.3733888,1145.390406,1016.107401,1183.285029,788.7246712,985.7196168,1137.68295,134.9356489,1954.053338,84.40000857,545.8630873,2116.61477,1022.864518,1167.778359,2421.915265,845.8485808,0,708.4147067,175.9953833,507.7226656,1776.83027,229.7033957,1588.275857,1347.102757,2381.850055,119.7866557,1002.847982,2383.819932,291.741843,258.3774575,658.3046686,1880.064045,234.1168519,1328.274381,126.5635415
71,595.5955134,2135.16059,653.3537297,899.2554882,519.9996226,2081.067396,588.8603696,918.8596475,1784.043165,1080.863794,2292.393645,433.8141866,491.2898084,2326.789168,259.910424,427.075765,730.8811805,523.8348419,398.9817158,783.6621053,2327.769704,1485.383382,515.8976988,596.2598421,364.4242456,1378.291121,1018.105973,952.0213492,947.8994108,2325.351392,834.567703,2125.224869,1734.867245,609.553996,80.08608084,203.6820592,330.3962488,1462.033938,2309.03928,445.0095723,2262.738042,1000.252104,861.0551986,405.5167509,572.3846619,2184.094272,964.2522545,546.87092,621.210713,953.8763782,993.9135169,647.3596733,176.3244809,307.802516,551.7378645,866.8924799,983.2622331,774.4128816,333.0404157,655.2682221,744.2682882,1756.043476,695.691217,630.9386463,1996.274817,317.1568293,890.1427612,2339.694618,625.1669827,708.4147067,0,544.0230182,300.7553824,1421.880803,483.8563679,1392.329449,1361.080527,2167.470889,809.2879226,702.3197297,2347.564185,418.6852583,462.2027116,362.6814744,1838.68605,926.977141,1256.831842,834.3103096
72,52.98817314,2415.232462,681.9352536,1367.486007,24.63929525,2384.353123,457.5462224,1320.704475,2096.603711,1531.072361,2514.930752,116.9597253,602.809666,2540.184559,785.5049438,434.708889,708.4999411,903.9547328,150.6069021,243.1582043,2383.549804,1850.378337,371.5244578,1104.818503,709.4374716,1586.308261,1460.482624,1351.064708,1280.026189,2415.962896,1053.041919,2410.83459,2073.354718,832.3010832,480.0456515,694.467485,250.4650188,1767.85762,2523.632279,274.9105024,2467.238404,993.7887796,1180.114542,523.1197044,1046.364932,2420.261042,1111.802477,470.5927236,280.6096273,1222.329669,985.7933484,1139.942134,370.6058856,236.316438,1016.642107,987.0462507,1149.246923,779.1870014,839.669621,1034.464823,206.3572457,1938.230276,152.0620193,534.7883014,2122.296834,860.8735879,1114.064095,2440.261185,787.2411017,175.9953833,544.0230182,0,389.1907181,1718.900242,111.8684196,1566.781601,1372.444907,2366.754032,265.4707383,935.8646148,2413.140612,126.682896,83.75732255,558.3726884,1902.226417,382.9586161,1331.441871,300.9854137
73,439.7050404,2057.024068,400.3779493,983.8338841,366.1438648,2018.623224,289.1805708,931.6551834,1726.671983,1143.429246,2178.616049,278.0259872,261.4838978,2207.775464,553.8553225,134.5241934,464.6793548,514.8597669,251.9652042,622.4104483,2127.999229,1467.227034,216.2185979,742.6826606,320.8733185,1247.289809,1072.307964,962.1715274,898.5809369,2141.421268,698.0033356,2050.776486,1696.658654,466.0671239,222.2573239,353.2180655,325.6056128,1397.511335,2190.627854,169.1752741,2138.126077,753.3985775,799.8203273,164.2633369,872.7738268,2077.96564,788.3798608,251.1265628,345.6059373,855.4461411,746.2050196,767.9707141,239.452472,233.4016515,637.6700018,672.0933642,818.6215062,520.9540658,490.1522474,645.4219789,590.1401676,1614.518936,528.3296624,337.9693795,1826.956072,565.8646403,759.02452,2160.599625,440.9794963,507.7226656,300.7553824,389.1907181,0,1350.592664,286.4125009,1241.715872,1130.96959,2039.208093,624.8118777,571.2101123,2152.289125,279.902609,334.00782,175.8069381,1637.910773,741.6839727,1051.772673,622.3044444
74,1762.308931,713.6884735,1069.573276,736.8725611,1699.234051,668.1152193,1306.085933,561.1504832,377.780532,610.2304555,889.0007568,1620.784367,1116.291543,929.4636818,1451.219896,1284.276067,1084.660912,898.1876887,1599.395854,1916.83087,1177.529645,266.0277656,1365.86187,1005.835206,1071.338609,288.6679777,602.7667397,531.9796213,474.435484,1106.092355,668.8148456,704.752979,371.402679,887.6662195,1410.596582,1227.45003,1662.323505,54.12912249,911.3695032,1445.353036,876.4635635,924.2645218,562.3814989,1198.179213,1668.382108,774.360294,661.2466509,1271.379293,1524.349792,496.719845,929.8196867,930.2613886,1525.589468,1578.790873,930.1866661,779.5470147,614.9177133,1019.23068,1147.589626,770.0619778,1895.1246,478.6162584,1829.915511,1240.191186,772.6312787,1302.613464,609.0547836,1099.514166,933.6637122,1776.83027,1421.880803,1718.900242,1350.592664,0,1607.196623,382.9196936,814.1819135,792.8510933,1892.827685,783.2893924,1173.571593,1626.874548,1679.438762,1174.944254,817.1132653,1989.889408,670.148602,1849.652949
75,156.8532719,2303.408775,572.5448204,1269.759461,94.27542778,2272.512536,353.8084121,1215.088735,1984.924747,1429.739463,2404.318372,68.93436487,491.0095423,2429.91474,737.4200749,322.9347218,602.9751164,800.2889689,94.9860615,336.0136975,2283.442948,1740.571991,263.8512569,1017.986138,607.1093153,1475.130805,1358.452186,1245.043123,1170.066831,2312.873107,941.1750556,2298.981351,1962.245172,720.9492051,411.8447414,612.2493081,248.5512614,1656.25032,2413.304091,163.186803,2357.244822,891.6675654,1069.98625,412.5103196,1020.020448,2309.17384,1001.167116,362.1962596,207.4311321,1110.691021,883.7220901,1048.74723,322.5137797,192.2954125,921.6146474,876.7372659,1038.206535,672.9258761,756.3569522,929.0474803,304.054576,1828.473967,241.9202075,430.8451623,2015.93992,795.4951353,1002.195678,2336.424558,675.3727177,229.7033957,483.8563679,111.8684196,286.4125009,1607.196623,0,1456.605292,1272.280262,2256.867377,341.9658613,824.2942504,2312.203171,92.38336951,106.0110664,450.5603823,1799.985447,460.308315,1225.724846,352.9243084
76,1602.619522,888.0365817,885.2133144,946.3395191,1550.874139,890.2762461,1118.045882,726.8054997,659.6180487,881.2952812,948.9974214,1485.678017,982.8774801,973.4116056,1490.165735,1144.251573,871.1156168,903.8769232,1471.455157,1731.721813,972.5892322,648.7361345,1196.190429,1129.653255,1028.243301,95.26386591,845.974427,710.4669261,556.0841679,945.2792608,558.1916672,890.3919698,704.2499642,789.4669897,1359.622671,1224.252388,1567.162386,428.2192052,956.9028056,1294.611864,900.7192336,638.080334,590.8163284,1077.915709,1760.109531,859.0680931,456.322852,1097.030562,1331.326591,463.6584377,645.2349371,1061.810769,1454.43996,1474.746289,1009.609355,579.8782259,423.1758311,799.6265933,1187.437292,808.9238994,1717.099429,373.1724444,1653.524678,1043.421226,607.2967624,1360.807955,502.2975,954.6344379,800.8036097,1588.275857,1392.329449,1566.781601,1241.715872,382.9196936,1456.605292,0,439.1557494,800.5469865,1696.165677,690.9234201,983.286199,1496.925662,1544.800606,1076.802577,520.5948522,1779.132939,317.9402329,1639.380014
77,1396.533123,1271.00097,730.8502535,1212.000392,1362.305735,1294.389993,918.8834874,990.770198,1091.060227,1204.769715,1259.204101,1318.44959,879.0318353,1269.544988,1528.222445,1006.031413,676.3758674,982.2509525,1314.279825,1487.057411,1011.244688,1076.150098,1012.270906,1293.887182,1028.288865,528.0704097,1151.372636,987.5538233,801.3041062,1047.64784,616.3476451,1278.571104,1142.443737,775.781764,1306.425051,1241.769473,1442.687212,862.8394425,1255.932101,1124.72986,1190.383051,382.3922356,778.9345469,974.982055,1837.945654,1194.997731,449.689359,919.5054246,1102.768895,653.7228023,390.1535777,1241.922988,1368.126418,1346.77872,1145.637735,505.5406195,460.9225226,612.4115637,1257.316593,942.5293261,1481.841992,694.1920743,1423.710602,842.4486917,782.8390104,1431.718947,594.6354527,1074.944185,739.2620567,1347.102757,1361.080527,1372.444907,1130.96959,814.1819135,1272.280262,439.1557494,0,1091.417841,1439.09653,715.573881,1040.764897,1335.224152,1373.680659,1002.123793,532.9629782,1501.087027,169.4383449,1368.327007
78,2401.773536,355.7088773,1684.85261,1524.996122,2351.115794,461.1782139,1915.46299,1353.367959,576.0462511,1379.80701,171.1963635,2286.194494,1782.100182,178.5847509,2228.59524,1944.554699,1666.068229,1654.19901,2271.716326,2525.262938,599.821573,900.9750407,1995.685518,1797.808275,1804.486292,793.5314631,1385.324296,1324.662477,1244.51698,465.854192,1345.543133,380.5895521,690.4045446,1579.746862,2142.952174,1984.910927,2363.900447,773.525313,164.5223255,2095.075466,101.0878516,1409.251502,1316.350233,1876.120978,2459.40112,163.6166976,1256.815888,1896.493645,2125.806131,1213.749244,1417.046794,1722.490551,2245.005145,2272.582082,1713.844187,1380.290635,1222.469158,1594.349845,1922.22669,1537.065692,2512.547422,428.6378539,2449.685678,1839.860858,357.8821911,2084.759051,1285.965762,433.0152333,1598.493961,2381.850055,2167.470889,2366.754032,2039.208093,792.8510933,2256.867377,800.5469865,1091.417841,0,2486.363163,1477.207882,567.9560513,2297.307622,2345.332861,1871.039552,645.6636315,2562.918599,1060.914737,2424.865805
79,215.2375934,2569.3149,825.296265,1608.148747,289.3101223,2548.782333,587.5240046,1541.518136,2269.224692,1763.840129,2642.397677,377.4290627,790.3883843,2663.196011,1049.981872,630.7646717,825.8174921,1132.803877,412.2966523,67.71033166,2437.024611,2047.812779,530.2564039,1359.874666,942.7897467,1728.774909,1691.652504,1570.273614,1479.341854,2485.17068,1224.846619,2567.356221,2256.854723,1023.076178,743.7763852,952.7866477,507.3030115,1944.079139,2647.43411,474.0025163,2587.448472,1080.439786,1378.916555,729.1118619,1300.986055,2555.221364,1253.45737,621.8278006,369.1349817,1402.193382,1072.486403,1390.465986,636.0348381,501.7432125,1262.213729,1127.833168,1295.536746,896.9218505,1097.421263,1257.334272,97.6588617,2059.467334,116.3402012,657.2500874,2214.140159,1125.867068,1283.93801,2513.637428,963.5105561,119.7866557,809.2879226,265.4707383,624.8118777,1892.827685,341.9658613,1696.165677,1439.09653,2486.363163,0,1121.124523,2470.646886,390.8273963,348.5074344,777.7793813,1971.366379,118.7524167,1429.082049,87.53678032
80,979.9605304,1486.094271,327.6616015,634.9693174,916.016589,1450.091815,544.9956646,474.4760641,1160.852194,725.7196728,1611.569028,837.7971791,334.2004803,1642.452979,825.9614267,501.5988558,380.7822376,268.2092114,817.1779804,1139.890633,1632.069252,927.1713355,590.8690227,601.6237296,339.9243735,683.7611795,652.7811474,494.8052322,363.5557196,1624.295951,132.7881348,1480.187668,1139.149462,105.1741873,668.9059724,545.6647657,891.086595,831.998119,1625.065752,663.1970448,1574.778272,444.9620451,265.2871876,415.1948736,1125.859091,1508.846418,274.9030063,502.2198705,757.9488644,286.5717517,443.0270834,564.4903273,767.7982426,803.0190369,446.0823552,220.8875464,284.9456721,344.1643186,542.8741903,266.1296215,1116.032612,1058.441545,1050.829485,491.6140817,1293.960053,718.4664915,191.2514899,1637.845617,159.9184354,1002.847982,702.3197297,935.8646148,571.2101123,783.2893924,824.2942504,690.9234201,715.573881,1477.207882,1121.124523,0,1649.819857,844.4642706,896.6240486,397.5174894,1146.5262,1224.677593,580.7345513,1086.635934
81,2437.178072,923.4025889,1758.133917,1891.319872,2402.762801,1028.504756,1958.447302,1685.72404,1090.913893,1782.542042,674.9284791,2356.584324,1892.487942,639.2539199,2467.738873,2034.446993,1712.229528,1882.683392,2350.699062,2521.752121,47.4644921,1362.697543,2050.739338,2108.435674,1989.299847,1031.338964,1768.212197,1663.64059,1531.523425,104.4787242,1520.908127,948.4826219,1205.250696,1738.19072,2304.552252,2194.248874,2472.21705,1177.372657,641.4238584,2161.978664,589.9896331,1420.602684,1573.743119,1990.39028,2743.272964,726.5341728,1383.329878,1956.040295,2142.874016,1446.760625,1428.530009,2038.32071,2383.004853,2376.458,1992.602075,1486.33951,1365.568,1645.029031,2167.985097,1792.096936,2518.754787,695.4418651,2461.985671,1881.60612,401.3308374,2342.511871,1471.402461,146.4290701,1727.879481,2383.819932,2347.564185,2413.140612,2152.289125,1173.571593,2312.203171,983.286199,1040.764897,567.9560513,2470.646886,1649.819857,0,2372.584228,2412.621019,2005.620417,514.6066518,2523.191949,1100.569659,2395.737265
82,179.4257565,2329.831373,620.1860916,1246.895435,102.1703086,2294.377148,418.285996,1208.697241,2003.762751,1413.3583,2441.357596,23.4615558,517.7840708,2468.576842,664.4926592,352.7898544,660.3547691,790.2064814,27.95830359,369.5967896,2345.031247,1747.128917,323.2839205,979.447852,594.9582511,1509.984197,1343.567985,1239.672193,1178.280387,2369.878539,967.1119831,2324.344103,1975.687918,739.5493499,353.4583542,568.5085521,156.258627,1674.552291,2451.714108,210.6330055,2397.159635,953.0445778,1079.276767,429.4016115,936.8298314,2343.553473,1040.61309,416.5474075,297.324103,1130.532311,945.2137007,1015.99581,247.6926146,112.6316686,894.7776118,918.3502701,1075.174492,728.1269205,713.7378268,922.8231393,332.0606826,1869.907228,278.6699447,493.415723,2066.912598,735.0449794,1028.385246,2392.113321,703.4672839,291.741843,418.6852583,126.682896,279.902609,1626.874548,92.38336951,1496.925662,1335.224152,2297.307622,390.8273963,844.4642706,2372.584228,0,54.42935809,454.7039078,1858.925644,508.937257,1279.466963,418.2858134
83,133.6042808,2381.336723,664.8696678,1300.385909,62.04326113,2346.699686,454.8805021,1263.125443,2056.517634,1467.398201,2490.387123,59.32545804,568.1954786,2517.153044,701.8674393,401.8210193,701.1023635,844.6179633,82.32464612,321.8853914,2384.429196,1801.168967,361.9024102,1030.506886,649.364925,1559.400617,1397.716396,1294.101238,1232.103485,2411.584497,1018.310025,2376.052523,2029.131806,791.8670019,400.5857481,619.0455805,169.6000321,1727.33085,2500.360393,252.6727881,2445.358113,992.1490434,1132.974946,481.4291756,963.9076933,2393.272953,1088.522295,457.9634451,311.0813226,1182.918195,984.2527939,1068.181503,287.7217856,154.5716947,947.9586008,965.4968771,1123.819463,769.9614883,764.2044092,977.2511509,283.1767646,1917.545826,233.7090426,531.2588017,2111.201628,779.3241069,1079.573249,2434.433495,753.9485142,258.3774575,462.2027116,83.75732255,334.00782,1679.438762,106.0110664,1544.800606,1373.680659,2345.332861,348.5074344,896.6240486,2412.621019,54.42935809,0,508.4150231,1899.610647,465.2771034,1322.37512,384.1567387
84,606.9473252,1882.217355,292.7639444,836.7504785,536.3262328,1843.021463,304.1808053,765.3765699,1550.888913,986.6049275,2008.000545,451.2182631,129.3640863,2038.082077,572.7696557,159.9189402,373.8246797,355.7612539,426.8645236,783.0923619,1983.394692,1293.198635,283.1927135,631.4680055,175.007426,1077.873228,914.1150391,794.9595455,723.7131065,1989.87685,526.493941,1875.72981,1521.110995,292.7909538,304.301451,306.9346431,493.8589508,1221.743071,2020.807664,303.9386982,1969.377325,637.6216958,624.5789254,68.37580244,899.7678619,1906.078045,628.6630742,249.4156564,452.3617657,680.2911264,631.2522318,642.8546552,379.4342066,405.6118894,505.1164823,519.3157052,655.2900317,412.5673158,411.1059917,480.0023137,753.5297517,1448.465638,689.8547055,312.6145757,1669.421314,535.3860502,587.07764,2007.190395,279.1756798,658.3046686,362.6814744,558.3726884,175.8069381,1174.944254,450.5603823,1076.802577,1002.123793,1871.039552,777.7793813,397.5174894,2005.620417,454.7039078,508.4150231,0,1492.924408,891.302861,907.0824627,763.1265402
85,1927.80245,925.1058399,1243.573219,1465.914602,1891.207763,989.7139668,1446.196168,1247.329482,901.9472399,1389.567754,815.5719846,1843.215527,1378.480796,811.4149225,1970.552789,1519.853302,1198.698294,1390.203765,1836.789661,2019.88772,490.5274986,1061.141804,1537.729881,1643.845042,1484.026817,592.9939028,1360.238225,1230.47762,1075.079717,514.7578441,1020.965238,941.6289662,996.7878689,1230.726248,1793.364469,1692.189554,1957.611105,841.2470085,801.5779901,1648.40641,732.9448422,908.5244681,1100.973112,1476.336028,2257.519707,786.9978652,875.5485127,1442.415246,1634.994106,969.0360499,916.5038628,1578.069636,1869.407149,1861.856642,1516.240101,974.1307092,861.627675,1130.987655,1676.252405,1311.074326,2014.803907,402.0974121,1956.567919,1369.148891,291.0298388,1852.305353,975.6462042,542.2722242,1216.239766,1880.064045,1838.68605,1902.226417,1637.910773,817.1132653,1799.985447,520.5948522,532.9629782,645.6636315,1971.366379,1146.5262,514.6066518,1858.925644,1899.610647,1492.924408,0,2030.683703,586.4937113,1899.468439
86,331.6731446,2658.109009,920.3433551,1724.0829,407.0758128,2641.203147,684.3175447,1652.94402,2364.956149,1877.894564,2721.457866,495.9692052,897.1494988,2740.558595,1165.386999,741.1937211,913.3183629,1246.904606,530.795986,152.2581135,2488.062979,2151.834919,635.3005852,1478.294427,1058.235934,1816.066028,1805.401323,1681.243186,1585.213211,2542.353473,1324.004041,2657.006989,2356.15587,1128.687477,862.1715684,1071.511256,620.0619685,2041.735113,2725.127935,587.4275839,2663.958524,1153.771508,1484.967615,840.405514,1409.629449,2637.227674,1343.250099,722.8463183,467.1997433,1502.786038,1145.945193,1508.297262,752.997354,619.2185952,1379.336744,1218.428292,1386.485509,983.2869277,1216.104416,1369.828579,193.1717266,2137.984922,231.6043801,750.0648382,2281.139655,1243.805465,1382.18042,2572.377894,1065.814143,234.1168519,926.977141,382.9586161,741.6839727,1989.889408,460.308315,1779.132939,1501.087027,2562.918599,118.7524167,1224.677593,2523.191949,508.937257,465.2771034,891.302861,2030.683703,0,1502.58089,140.6090923
87,1361.15696,1195.359024,660.3780276,1044.57309,1318.596019,1204.84535,873.9776027,822.5418027,976.9143714,1035.353817,1221.976704,1264.882336,792.0044979,1239.009897,1404.903174,935.6628189,622.9926958,841.4783558,1256.369648,1471.044512,1076.969465,926.2697027,961.9405538,1139.77066,909.2232381,394.440735,982.0178144,818.6920201,632.9776107,1091.509393,468.7893393,1199.716922,1016.145063,654.217758,1208.808531,1121.092841,1372.782335,721.3002401,1223.907583,1069.878268,1161.850699,348.9736975,615.003708,889.8781319,1706.357823,1144.579527,306.306849,864.5040771,1075.117038,487.2494949,356.863566,1084.719198,1282.939861,1277.243814,995.1829404,389.9694214,307.4306512,552.814185,1122.819332,789.5726099,1461.113108,639.9688245,1399.873793,796.8038458,791.0943334,1298.8455,439.0659558,1112.804302,632.1153265,1328.274381,1256.831842,1331.441871,1051.772673,670.148602,1225.724846,317.9402329,169.4383449,1060.914737,1429.082049,580.7345513,1100.569659,1279.466963,1322.37512,907.0824627,586.4937113,1502.58089,0,1365.201822
88,258.1195527,2517.649096,780.0800858,1599.049104,322.2334808,2500.594261,544.6306029,1520.431172,2224.521551,1748.858929,2582.727292,401.1381364,761.4753492,2602.295627,1082.778168,609.4276198,772.7820567,1118.735612,435.7025904,154.5766306,2361.460845,2013.566078,499.3523085,1364.150384,933.2493717,1675.691775,1675.920538,1548.196802,1448.127022,2412.380887,1184.34234,2516.484178,2216.292968,991.8454247,764.2088293,963.0611653,550.9896659,1901.587839,2586.768766,461.0957876,2525.934419,1016.235547,1348.054279,709.2257081,1347.200749,2497.788239,1202.662579,584.438038,328.6899579,1363.449537,1008.362172,1390.161089,665.9283514,530.9145555,1258.387518,1077.820123,1245.877139,842.8539981,1106.041298,1238.966904,178.6342121,1999.307373,172.8801027,609.6331069,2146.468594,1147.976988,1242.282099,2441.610783,927.3742226,126.5635415,834.3103096,300.9854137,622.3044444,1849.652949,352.9243084,1639.380014,1368.327007,2424.865805,87.53678032,1086.635934,2395.737265,418.2858134,384.1567387,763.1265402,1899.468439,140.6090923,1365.201822,0
